id,date_created,response_status,funded_past_3_yrs,applied_not_funded,org_role,org_role_other_txt,primary_focus,primary_focus_other_txt,postal_code,purpose,confident_in_mac_ability,deadline_comms,guidelines_comms,manipogo,trasparent_granting,response_enquiries,response_results,feedback,complaints_process,improve,connection_to_arts_community,disconnect_explain_txt,rank_advocacy,rank_measure_impact,rank_board_trg,rank_financial_trg,rank_leadership_trg,rank_shared_services,rank_loan_access,rank_networking,rank_marketing,future_impact_txt,comments_txt,funded_status,role_grouped,fsa,.row_id,region,location
118987412741,2025-10-29,partial,Yes,No,Arts/Cultural Organization,NA,Theatre,NA,R3Y1C3,To support the widest range of Manitoba arts and arts practitioner.,Very confident,Excellent,Excellent,Excellent,Good,Excellent,Good,Good,Excellent,Feedback regarding declined grant applications could be more specific.,Very connected,NA,Missing,Missing,Missing,Missing,Missing,Missing,Missing,Missing,Missing,NA,NA,Funded,Organization,R3Y,1,Capital Region,Winnipeg Area
118987295642,2025-10-29,partial,Yes,No,Community-based Organization,NA,Visual Arts,NA,R3B0B5,NA,Missing,Missing,Missing,Missing,Missing,Missing,Missing,Missing,Missing,NA,Missing,NA,Missing,Missing,Missing,Missing,Missing,Missing,Missing,Missing,Missing,NA,NA,Funded,Organization,R3B,2,Capital Region,Winnipeg Area
118987237388,2025-10-29,completed,No,Yes,Individual Artist,NA,Media Arts,NA,R3G1Y4,To provide funding to support and enhance the creative output in Manitoba,Not at all confident,Good,Fair,Fair,Poor,Good,Fair,Poor,Poor,"STOP funding based on identifying policies. Projects should be funded based on MERIT NOT if you are BIPOC. LGBTQ, that's ridiculous. You've lost ALL of my respect as an organization.",Very disconnected,They have no clue what is happening to artists. All they do is promote division among artists and fund based on identity politics.,9,1,5,6,3,8,7,2,4,They need to revamp themselves. Fund projects based on MERIT. Not prioritizing individuals who are getting funding NOT on quality of work but sexual orientation. Get rid of the she/them/they stupidity at the end of your name. You are a laughable organization.,Get with the times and start funding projects that deserve to be funded. Set up a meeting with artists and hear their feedback. GET OUT there instead of hiding behind your desk. MAC has become an useless organization.,"Applied, not funded",Individual,R3G,3,Capital Region,Winnipeg Area
118987149404,2025-10-29,completed,Yes,Yes,Arts/Cultural Organization,NA,Visual Arts,NA,R3B1T2,"To channel provincial funding to arts organizations and artists in a transparent, fair manner, adjudicated by peers.",Very confident,Excellent,Excellent,Excellent,Excellent,Excellent,Good,Excellent,Excellent,"Simpler, shorter application forms.",Connected,NA,1,2,7,5,6,8,9,3,4,Convince the provincial government that arts and culture are essential industries and if funded will yield significant returns.,NA,Funded,Organization,R3B,4,Capital Region,Winnipeg Area
118987138551,2025-10-29,completed,No,Yes,Individual Artist,NA,Visual Arts,NA,R3B0P5,"To support the creation, dissemination and enjoyment of original works of art in Manitoba.",Confident,Good,Fair,Good,Fair,Excellent,Fair,Fair,Fair,"Greater advocacy with the provincial government to increase the amount of funding, and number of total grants, provided to individual artists. Manitoba artists have long been pushed out to other provinces due to lack of resources, despite its long-earned history as a place of exceptional artistic production and intellect. Manitoba has an opportunity to keep its creative population in the province, as costs skyrocket throughout the country, and therefore must lead in its ability to support the creative community with bold funding. ",Connected,NA,1,2,6,5,7,9,8,3,4,"- significantly increased available funding to individual artists, both in the number of grants and allocation amounts
- restored and significantly increased core operating grants to organizations in order to reduce the burden of applying for multiple project grants which only distract from principal organizational mandates and programs
- significantly increase its advocacy and funding levels for the visual arts in Manitoba, to bring greater equity between disciplines as performing arts currently hold greater attention and funding 
- decrease waiting times for grant results","The greatest support MAC can provide to the artistic community now, and for the future, is greater funding for individual artists and greater core funding to organizations. All other plans and ideas simply behave as distractions and additional burdens to the creative community in this moment. Simplify and increase.","Applied, not funded",Individual,R3B,5,Capital Region,Winnipeg Area
118987118094,2025-10-29,completed,No,No,Individual Artist,NA,Visual Arts,NA,R2J2G5,Select a few artists out of those who apply for funding.,Not very confident,Good,Good,Good,Fair,Don't know,Don't know,Don't know,Don't know,Lobby for UBI for artists. The grant system is inadequate and onerous.,Disconnected,"Too much effort to get through the eye of the needle. The system is elitist, difficult and demanding and wasteful of artists' time and energy... as well  as demoralizing. It is depressing to think about all that effort over and over for so little return. The amounts given have not kept up with inflation. It is barely worth it, if at all.",1,3,5,8,4,7,9,2,6,You can tweak the selection process forever but it is still going to be too few getting too little. How about a lottery to raise funds? How about giving operating funds instead of only project-specific funds?,NA,"Did not apply, not funded",Individual,R2J,6,Capital Region,Winnipeg Area
118987076603,2025-10-29,completed,Yes,Yes,Individual Artist,NA,Visual Arts,NA,R2N1R8,Support artists and promote arts,Confident,Excellent,Excellent,Excellent,Excellent,Good,Poor,Good,Good,More funding to support Artist in Sciools would be great! Supporting students creativity will result in happier and more successful humans in the future ,Connected,NA,1,8,4,2,6,3,5,9,7,"As art programs are disappearing from schools, MAC would be taking a leadership role providing more support to artists and school and in this way impact positively the life’s a many students in need of creative outlets. ",I truly believe that the impact that art has in young students lives is fundamental. Investing resources in them will resolve a lot of social issues in the future.,Funded,Individual,R2N,7,Capital Region,Winnipeg Area
118986589974,2025-10-28,completed,Yes,Yes,Individual Artist,NA,Visual Arts,NA,R0C2Z0,To promote the arts and artists in Manitoba,Confident,Excellent,Good,Good,Good,Excellent,Excellent,Fair,Good,"I know this is hard, but stricter requirements or more training for juries to reduce bias or support folks not familiar with the process and fair jury practices. E.g. not fair to doc one application arbitrarily to try and save another that they are familiar with. ",Connected,NA,3,2,4,1,7,5,8,6,9,"multi year funding opportunities (with check ins) for established artist committed to their practice, increased funding for emerging artists, increase streams for writers, workshop opportunities to support art careers, etc. ","Advocating for multi year funding streams for established artists would be amazing for building stability and confidence in the arts, it is very hard to rely on yearly funding calls. Having a certain amount of money secured over several years (e.g. 3 or 5 years) to develop my practice would be a game changer. e.g. funds to cover 2 days per week or wages, for a specific length of time, and regular check ins to ensure appropriate use of funds. ",Funded,Individual,R0C,8,Interlake,Outside Wpg
118986547038,2025-10-28,completed,Yes,Yes,Individual Artist,NA,Music,NA,R2J3P2,"To provide funding to aid artists in making a living doing their art form, and provide opportunities for the artists work to be shared with the public.",Not at all confident,Good,Good,Good,Poor,Fair,Good,Poor,Poor,"Be open minded to the needs and wants of the community as a whole, rather than making decisions internally, which is the impression that is given.",Very disconnected,"Seems the council is out of touch with what artists are doing, and what they need to continue practicing their art form.
",4,2,3,7,1,8,6,5,9,"Provided realistic funding opportunities to meet the needs of professional artists.  Less bureaucracy, allowing artists to do their work.","Personally speaking, it's unfortunate the way the council has dismantled the AIS program  - that program not only allowed artists to support their craft, but had brought so many opportunities to introduce young people to a range of different art forms, thereby increasing the likelihood that more students would make the arts a part of their lives.  Very sad to see the path the council has taken.
",Funded,Individual,R2J,9,Capital Region,Winnipeg Area
118986479437,2025-10-28,completed,No,Yes,Missing,Curator,Missing,Publishing,R3A1B5,Supporting excellence in the arts,Not very confident,Poor,Poor,Fair,Poor,Poor,Poor,Poor,Poor,Transparency and accountability regarding assessors’ grant decisions ,Disconnected,MAC Board members are not visible and do not interact with the visual arts community.,1,7,3,4,5,6,8,9,2,Allow marketing initiatives for visual artists; and support commercial galleries in Manitoba.,Audited financial statements should be easily available to the general public ,"Applied, not funded",NA,R3A,10,Capital Region,Winnipeg Area
118986402334,2025-10-28,completed,No,No,Missing,Tourism Marketing,Missing,tourism,R3C4T7,Funder for the arts and culture sector,Confident,Don't know,Don't know,Don't know,Don't know,Don't know,Don't know,Don't know,Don't know,NA,Connected,NA,1,3,8,7,9,4,6,5,2,helped build a broader awareness of Manitoba's arts and culture sector within Manitoba. helped support new and vibrant sustainable arts orgs not only in Wpg but in rural and northern communities.,We welcome the opportunity for continued collaboration on initiatives that positively impact the arts and culture sector in Manitoba. Thank you!,"Did not apply, not funded",NA,R3C,11,Capital Region,Winnipeg Area
118986385191,2025-10-28,completed,Yes,Yes,Individual Artist,NA,Visual Arts,NA,R3M0Z5,To fund artists and artistic projects. To mediate and advocate for government funding.,Confident,Good,Fair,Good,Poor,Fair,Poor,Poor,Don't know,"Secure more funding. I have received multiple grants over the years, and been declined too - but any time I consulted with an officer, I didn’t get funding. ",Disconnected,"They stopped funding galleries for many years, that created a big gap in the capacity of them to open.",Missing,Missing,Missing,Missing,Missing,Missing,Missing,Missing,Missing,N/A,NA,Funded,Individual,R3M,12,Capital Region,Winnipeg Area
118986381597,2025-10-28,completed,Yes,No,Individual Artist,NA,Visual Arts,NA,R3G2E3,To support excellence.,Confident,Excellent,Excellent,Good,Fair,Good,Fair,Good,Good,Fund more artists. ,Connected,NA,2,6,3,4,7,8,5,1,9,MAC has been able to fund a higher percentage of applicants. ,"In many of the grants, there is a section about cultural integrity, and jurors are asked to rate the applicants' response. If an applicant's work doesn't touch on that issue at all, and they leave it blank, they are penalized (in that they don't get any points). This is not fair. ",Funded,Individual,R3G,13,Capital Region,Winnipeg Area
118986360526,2025-10-28,completed,Yes,Don't know,Arts/Cultural Organization,NA,Theatre,NA,R3B3H6,Financially support Manitoba's arts community. ,Confident,Excellent,Excellent,Good,Fair,Excellent,Good,Good,Don't know,NA,Connected,NA,3,1,6,5,4,8,9,2,7,Funding has increased. Arts attendance has increased. Artists and arts workers are healthier mentally and physically. ,NA,Missing,Organization,R3B,14,Capital Region,Winnipeg Area
118986314244,2025-10-28,completed,No,No,Individual Artist,NA,Visual Arts,NA,R2H3H5,To support Manitoba artists,Confident,Excellent,Excellent,Excellent,Excellent,Don't know,Good,Fair,Don't know,Provide grant writing mentorships,Connected,NA,4,2,7,6,5,1,9,8,3,"More of the same, especially in schools and marinalized communities and groups.",NA,"Did not apply, not funded",Individual,R2H,15,Capital Region,Winnipeg Area
118986294829,2025-10-28,completed,Yes,No,Individual Artist,NA,Missing,Bande dessinée: art visuel et art littéraire,R5J0B9,"Support des artistes professionels au Manitoba
Support des organismes artistiques professionels au Manitoba 
Encourager la production artistique de qualité professionelle au Manitoba",Confident,Good,Good,Fair,Good,Good,Poor,Poor,Fair,Un soutien de base pour les artistes professionnels et seniors,Connected,NA,Missing,Missing,Missing,Missing,Missing,Missing,Missing,Missing,Missing," Créer une application plus facile, avec un retour de réponse plus rapide.  Créer une espace dans l'application pour la Bande dessinée (ou Roman graphique). La BD est un art en pleine croissance, hybride entre littérature et art visuel, mais qui est en manque de considération sérieuse. Une catégorie spécifique pour la bande dessinée encouragerait au Manitoba la création artistique dans cet art.","Que les arts de styles traditionnels soient donnés autant de considération que l'art de styles dits ''abstrait ''ou  ''moderne'' ou ""contemporain''. Dans le mandat que l'on donne aux jurés, il doit être claire que la qualité expressive de l'oeuvre et son excellence technique doivent peser dans la balance et être considérés importants, autant que son aspect ''original'' ou ''jamais-vu'' ou ''controversé'' qualités qui ne sont pas nécessairement méritoire artistiquement. Il y a plusieurs écoles de pensée en art et le Conseil se doit de supporter l'art en général, et non seulement suivre le style du temps présent, se conformer au goût du jour. 
",Funded,Individual,R5J,16,Eastman,Outside Wpg
118986219822,2025-10-28,completed,Don't know,Don't know,Individual Artist,NA,Visual Arts,NA,ROAOC1,Supporting artists and the arts and knowing where and what the artists are working on etc. strengthening the artists and communities with support . Aiding and understanding the artists who desire to contribute to improving peoples lives with art. Helping all artists achieve success! Financial support to artists and communities. ,Not very confident,Good,Poor,Poor,Poor,Don't know,Don't know,Don't know,Don't know,See above #6,Disconnected,Feels like you only care about indigenous artists . ,1,2,3,4,5,6,7,8,9,NA,NA,Missing,Individual,ROA,17,NA,Outside Wpg
118986186476,2025-10-28,completed,Don't know,Don't know,Individual Artist,NA,Literary Arts,NA,R3X0C9,To provide support and open doors for Manitoba based artists and knowledge keepers,Confident,Excellent,Excellent,Good,Good,Good,Fair,Good,Good,Receipt of grant results quicker would be helpful so artists are able to plan their following year and budgets ,Connected,NA,2,1,9,8,7,5,3,4,6,"More of the same, more focus on providing financial support to artists and grant responses in a timely manner ",NA,Missing,Individual,R3X,18,Capital Region,Winnipeg Area
118986154858,2025-10-28,completed,Yes,No,Arts/Cultural Organization,NA,Theatre,NA,R3B3H6,To support and promote the arts and artists in Manitoba,Very confident,Excellent,Excellent,Good,Excellent,Excellent,Good,Don't know,Don't know,Perhaps some more fast turnaround funding for special opportunities that pop up for an organization.  ,Very connected,NA,4,5,6,2,3,1,9,7,8,More of the same.,NA,Funded,Organization,R3B,19,Capital Region,Winnipeg Area
118986129646,2025-10-28,partial,No,Yes,Individual Artist,NA,Visual Arts,NA,R1N0Z7,NA,Missing,Missing,Missing,Missing,Missing,Missing,Missing,Missing,Missing,NA,Missing,NA,Missing,Missing,Missing,Missing,Missing,Missing,Missing,Missing,Missing,NA,NA,"Applied, not funded",Individual,R1N,20,Central Plains,Outside Wpg
118986124705,2025-10-28,partial,No,No,Individual Artist,NA,Visual Arts,NA,R1N0Z7,NA,Missing,Missing,Missing,Missing,Missing,Missing,Missing,Missing,Missing,NA,Missing,NA,Missing,Missing,Missing,Missing,Missing,Missing,Missing,Missing,Missing,NA,NA,"Did not apply, not funded",Individual,R1N,21,Central Plains,Outside Wpg
118986091832,2025-10-27,completed,Missing,Don't know,Individual Artist,NA,Music,NA,R3V1S1,Supporting Manitoba music artists,Confident,Good,Fair,Fair,Don't know,Good,Don't know,Good,Don't know,Simplify application portal and procedures,Connected,NA,1,2,8,4,7,6,9,3,5,NA,NA,Missing,Individual,R3V,22,Capital Region,Winnipeg Area
118986077127,2025-10-28,completed,Yes,No,Individual Artist,NA,Missing,Combination of literary and visual,R7A2V7,To help artists reach their goals in a financial way. ,Very confident,Good,Fair,Good,Good,Excellent,Good,Excellent,Good,"The eligibility requirements for artists could be softened a bit, just so it’s more representative of all kinds of artists. ",Very connected,NA,1,2,7,5,6,8,9,3,4,I imagine more indigenous based artists applying to the program and having their art known to the public. I imagine a province that is brimming with a multitude of talented artists all expressing themselves creatively. That we have more exhibitions and showcases for artists to display their work. ,More awareness through social media and marketing would be ideal so that way people know of deadlines and opportunities MAC is offering. ,Funded,Individual,R7A,23,Westman,Outside Wpg
118986050004,2025-10-28,completed,No,No,Arts/Cultural Organization,NA,Visual Arts,NA,R3C1V1,MAC supports the arts and artists in Manitoba through funding.,Confident,Excellent,Excellent,Excellent,Excellent,Excellent,Good,Don't know,Don't know," Allow organizations that directly or indirectly receive ongoing funding from the Department of Sport, Culture and Heritage to be eligible for grants. Possibly limit the types of grants to ensure these organizations don't take up a disproportionate amount of funding.",Very connected,NA,3,4,1,7,2,6,9,5,8,NA,NA,"Did not apply, not funded",Organization,R3C,24,Capital Region,Winnipeg Area
118985802048,2025-10-28,completed,Yes,Yes,Community-based Organization,NA,Music,NA,R0J1B0,To support and encourage the exposure to arts and culture in Manitoba communities. ,Confident,Excellent,Good,Good,Good,Excellent,Good,Excellent,Excellent,Shorten the application. ,Very connected,NA,1,2,6,7,8,3,9,5,4,Arts and culture are thriving and being shared in urban and rural Manitoba. Local artisans and artists are able to perform and create freely in their own communities. ,Thanks for recognizing that rural and remote regions may require assistance. ,Funded,Organization,R0J,25,Westman,Outside Wpg
118985801315,2025-10-28,completed,Yes,No,Individual Artist,NA,Craft,NA,R8N0K9,To support the growth of the arts in Manitoba ,Confident,Excellent,Excellent,Excellent,Excellent,Excellent,Excellent,Excellent,Don't know,Having events in the North to support northern artists in applying for grants ,Connected,NA,3,5,9,4,8,1,6,2,7,I’ve been happy with the grants I’ve been accessing and would love to see it continue ,No,Funded,Individual,R8N,26,Norman,Outside Wpg
118985794964,2025-10-28,completed,Yes,No,Teacher,NA,Visual Arts,NA,R0M0Y0,"to encourage, nurture and help support emerging and professional artists and their work",Confident,Excellent,Excellent,Don't know,Don't know,Excellent,Good,Excellent,Don't know,"Over the past nearly 20 years, I've felt my MAC funded work as an itinerate 'art teacher' deeply satisfying and, applauded. When/if an application was declined, the feedback was fair and constructive. I've not been working in schools in recent years, but at the time, there wasn't a lot of awareness of MAC's grant opportunities so teachers were very pleased to discover they could get a grant for a project.  That situation was great for me in providing a special (visual) art program,  but, unfortunately students needed to grow through continuous and developmental arts programs... so, I often found myself wishing that for them. At that time I wondered how this could be encouraged and how MAC could help to facilitate it.",Connected,NA,7,1,2,3,4,5,6,8,9,"Perhaps a coalition of young and old artists will have emerged. Senior artists, those who have survived and remained creative, will have found ways to cultivate endurance in young people. And, inspired young people will cultivate endurance in senior artists?","I hope that we find ways to continue experiencing the local, its geology, seasons, history, natural and human resources.   ",Funded,Individual,R0M,27,Westman,Outside Wpg
118985784428,2025-10-28,completed,Yes,Yes,Collective / Group of Artists,NA,Dance,NA,R3L1G9,support artists and arts organizations in Manitoba in projects and stablility,Not very confident,Excellent,Good,Good,Good,Excellent,Fair,Fair,Don't know,have more funds to share,Disconnected,"It is very hard for individual artists to receive funding, therefore it is very hard for individual artists practices to be supported financially.  This means we can spend less and less time making meaningful art and growing in our practices and disciplines. When we are supported there are usually not enough funds to pay everybody and we end up paying ourselves not well. Also, there is A LOT of unpaid work in running an artistic project - eg research, admin, outreach.",2,6,8,4,7,3,9,1,5,Basic income for artists. (I know many artists whose work thrived when they were able receive CERB.) When our basic needs are met we can create. I know many artists living in poverty. Healthy artistic communities do not thrive this way. ,Thanks for all your work. We really appreciate it.,Funded,Organization,R3L,28,Capital Region,Winnipeg Area
118985768210,2025-10-28,completed,No,Yes,Missing,theatre festival producer,Theatre,NA,R3L1N1,Support artists in Manitoba,Not at all confident,Good,Good,Good,Poor,Good,Fair,Fair,Good,More transparacy in grant decision making process.,Connected,NA,4,5,9,3,8,2,7,6,1,More outreach to remote and rural areas of the province. ,NA,"Applied, not funded",NA,R3L,29,Capital Region,Winnipeg Area
118985750119,2025-10-28,completed,No,Yes,Individual Artist,NA,Theatre,NA,R3G2C4,To fund worthy artistic endeavours,Not very confident,Good,Good,Excellent,Poor,Good,Good,Poor,Don't know,Stop being an agent for social change and make artistic merit the primary criterion for awarding grants. A look at the questions asked on applications will demonstrate what I mean. I will not be ranking the next section because it is beyond me.,Connected,NA,Missing,Missing,Missing,Missing,Missing,Missing,Missing,Missing,Missing,See my response to #9,See my response to #9,"Applied, not funded",Individual,R3G,30,Capital Region,Winnipeg Area
118985747597,2025-10-28,partial,No,No,Individual Artist,NA,Visual Arts,NA,R6W2P1,NA,Missing,Missing,Missing,Missing,Missing,Missing,Missing,Missing,Missing,NA,Missing,NA,Missing,Missing,Missing,Missing,Missing,Missing,Missing,Missing,Missing,NA,NA,"Did not apply, not funded",Individual,R6W,31,Pembina Valley,Outside Wpg
118985724119,2025-10-28,completed,Yes,Yes,Collective / Group of Artists,NA,Inter-arts,NA,R3C1Y1,"D'appuyer la recherche, la création et l'épanouissement des arts à travers les disciplines au Manitoba.",Confident,Excellent,Good,Good,Excellent,Excellent,Fair,Good,Don't know,Raccourcir le délai de réponse pour ces subventions et/ou ajouter des dates butoirs pour les grands programmes. ,Connected,NA,1,5,9,6,8,3,2,4,7,"Continue à trouver des moyens d'appuyer de diverses initiatives collectives de la communauté et des artistes sans les obliger à créer des structures administratives complexes. 

Continue à structurer ses programmes de manière solidaire avec les artistes.",NA,Funded,Organization,R3C,32,Capital Region,Winnipeg Area
118985671763,2025-10-27,completed,Yes,Yes,Arts/Cultural Organization,NA,Visual Arts,NA,R0E1V0,To assist cultural organizations in fullfilling their mandates,Not very confident,Poor,Poor,Poor,Good,Good,Good,Good,Fair,"Clear up the differences between art galleries and art & history museums ta
hat have an art gallery for funding purposes",Disconnected,Revamping the exisiting definitions for granting purposes and MAC's mandate,2,1,3,4,5,6,7,8,9,Opened up the granting guidelines and offered up assistance to rural areas,NA,Funded,Organization,R0E,33,Interlake,Outside Wpg
118985617237,2025-10-27,completed,No,No,Missing,Venue and programmer,Missing,all,R3C1A2,"to provide grant funding to artists and arts organizations in Manitoba, to ensure artistic experiences are available for all Manitobans ",Confident,Excellent,Excellent,Don't know,Don't know,Excellent,Don't know,Don't know,Don't know,build capacity for newer orgs to find success,Very connected,NA,2,1,4,5,3,8,6,9,7,"MAC has ways to fund more upstart orgs and arts companies, which in turn will build new and larger audiences. ",NA,"Did not apply, not funded",NA,R3C,34,Capital Region,Winnipeg Area
118985603974,2025-10-27,completed,No,No,Individual Artist,NA,Visual Arts,NA,R0E0C0,"To support an artist's journey, to fairly evaluate their merit when they apply for grants. Having judges that meet the expertise needed to judge the medium the artist is practicing in, even though it means going out of province to find a judge that meets that criteria. ",Not very confident,Excellent,Fair,Excellent,Fair,Good,Good,Good,Don't know,"Having an artist submit images of their final work, sketches, ideas, anything,  after their project is finished, it would be part of the finalization process which includes the budget etc... Why not? I've had a couple of grants in the past and was very surprised that this was not asked mandatory.",Connected,NA,1,2,5,6,4,7,8,3,9,NA,NA,"Did not apply, not funded",Individual,R0E,35,Eastman,Outside Wpg
118985560191,2025-10-27,completed,Yes,Yes,Individual Artist,NA,Theatre,NA,R3G0W6,To support arts and culture in Manitoba through funding the creation and sharing of art by Manitoba artists.,Confident,Excellent,Good,Excellent,Good,Excellent,Good,Excellent,Don't know,"Speaking as an artist working primarily in theatre, the arts community would be much better supported if a significant amount of funding was shifted out of Operating and into Create and Present funding. It seems completely lopsided, for example, for RMTC as a single organization with a large donor base to receive over $100,000 more than all individual artists and groups in the province receive in Create funding annually. As costs go up, organizations receiving operating funding are leaning more and more on individual artists to fund creation, research, and development, while receiving almost 10x the provincial funding available to those individual artists. I strongly believe that arts and culture in Manitoba would be significantly improved and made more sustainable by a restructuring of funding that more equitably supported the individual artists who actually create the work these larger organizations present. I believe that, were more funding allocated to individual artists, there would me more art made and shared in the province, that work would be more diverse and more accessible to audiences, and Manitoba would, over time, see a higher national and international profile as a hub of arts and culture.",Connected,NA,1,3,8,7,4,5,9,2,6,"I believe that MAC could have a more significant impact on the arts and cultural community by redirecting funds from operating grants for large organizations into individual artists and small artist run centres. MAC also has the power to hold large organizations accountable to their communities by requiring more equitable practices in order to maintain Operating funding. That, for example, the RWB has maintained such a large amount of provincial funding through their many failures to provide safe working conditions and the resignation of their Indigenous advisory board shows a lack of accountability to the community that public funding should uphold. I hope that in 10 years Manitoba will have a stronger, healthier arts community where artists are able to make a living wage year round.","I appreciate all of MAC's work so much, I am so thankful to have such an honest, open, generous, and forward thinking staff to communicate with.",Funded,Individual,R3G,36,Capital Region,Winnipeg Area
118985549726,2025-10-27,completed,Yes,Yes,Arts/Cultural Organization,NA,Music,NA,R3N2B3,to provide funding for diverse programming in Manitoba that enriches the lives of Manitoba,Confident,Excellent,Excellent,Good,Good,Excellent,Fair,Fair,Fair,Quicker grant responses ,Connected,NA,1,9,5,4,6,7,8,2,3,Less need for funding as the government has understood how important it is to fund the arts,Keep being persistent with the government,Funded,Organization,R3N,37,Capital Region,Winnipeg Area
118985546816,2025-10-27,partial,No,Yes,Individual Artist,NA,Craft,NA,R2H1K2,NA,Missing,Missing,Missing,Missing,Missing,Missing,Missing,Missing,Missing,NA,Missing,NA,Missing,Missing,Missing,Missing,Missing,Missing,Missing,Missing,Missing,NA,NA,"Applied, not funded",Individual,R2H,38,Capital Region,Winnipeg Area
118985533644,2025-10-27,completed,Yes,No,Arts/Cultural Organization,NA,Theatre,NA,R3C4X1,"To fund arts and culture in the province of Manitoba, at arms length to provincial government.",Very confident,Excellent,Good,Good,Excellent,Excellent,Good,Fair,Excellent,"Active advocacy for increased budget allocations from Province and/or communications to arts and culture sector (to arts and cultural community at large would be nice, but definitely to those actively working in the sector) as to actions taken and planned.",Connected,NA,2,1,3,6,9,4,7,5,8,"MAC is funded in provincial budgets to at least $25million annually  and have successfully advocated for the Province to implement an 'arts on prescription' model, in collaboration with the provincial department of health with significant buy in from physicians/health care professionals, the public, and arts and culture organizations thanks to robust communications strategies on community and individual benefits. ",NA,Funded,Organization,R3C,39,Capital Region,Winnipeg Area
118985533347,2025-10-27,completed,Yes,No,Individual Artist,NA,Music,NA,R2H3H4,To help artists move ahead with artistic projects.,Not very confident,Good,Good,Good,Fair,Good,Fair,Good,Good,Provide more assistance to the creative category.,Connected,NA,1,2,4,3,5,9,6,7,8,Not be too caught up with trends and demographics but more attention to artistic merit of the applicant and their respective talent and studies.,Alot less money to individual artists and thus have enough to spread to more people who deserve and merit it.,Funded,Individual,R2H,40,Capital Region,Winnipeg Area
118985532859,2025-10-27,completed,Yes,Yes,Individual Artist,NA,Theatre,NA,R2E0H5,"To fund the development and dissemination of artistic practices, projects, and organizations in Manitoba",Confident,Good,Excellent,Good,Fair,Excellent,Fair,Good,Don't know,"A disproportionate amount of money feels like it is going to large arts organizations that employ large numbers of salaried administrators (including dedicated fundraising and patron staff) while simultaneously undercutting freelance artists through unfair contract negotiations and limited contract work. I think this really limits both the feasibility of freelance artists to have a career, as well as the public's perception of what ""art"" in Manitoba could mean. It feels like there are brief glimmers--an extraordinary ARC gallery show, a self-produced experimental theatre show, a night like Nuit Blanche--where a future of work that embraces imagination, diversity of practice, and 'non-commercial' aesthetics feels possible in Manitoba, and I just wish it felt like that year-round. I wish independent artists were better resourced to make their careers, livelihoods, and artistic visions a reality. Large arts organizations have access to resources in terms of funding streams independent artists simply don't--including one-off federal cash infusions as we've seen in the prairies over the last couple of years. Concretely, I wish that less council money went to these organizations, and more money went, specifically, towards Explore and Create, and Present grants, as I believe these are the MAC programs that are best suited to supporting artists in their day-to-day practices and lives, as well as the broader Manitoba public's experience of art in our province. ",Connected,NA,1,3,7,5,6,4,8,9,2,"Successfully advocated for increases in provincial funding--as well as changes to internal financial allocations--that significantly improve the amount of resources independent artists receive. Ultimately I believe that independent artists are the heartbeat of what makes culture local, vibrant, and communal--large arts organizations are at their best when they are following the lead of artists. In 10 years time, I hope that MAC's work has become more aligned with this reality.",NA,Funded,Individual,R2E,41,Capital Region,Winnipeg Area
118985532224,2025-10-27,completed,Yes,No,Individual Artist,NA,Literary Arts,NA,R3G1X1,To support Manitoba artists,Confident,Excellent,Good,Good,Good,Excellent,Fair,Missing,Don't know,NA,Connected,NA,8,9,3,4,5,6,7,1,2,NA,NA,Funded,Individual,R3G,42,Capital Region,Winnipeg Area
118985515822,2025-10-27,completed,No,Yes,Student of the Arts,NA,Theatre,NA,R3M1G7,To help artists in Manitoba by giving out grants to those who successfully apply. ,Confident,Good,Fair,Good,Fair,Excellent,Fair,Fair,Good,"Making MAC more student friendly. I didn't know this was a thing till I had a workshop on it, and I've only learned tips and tricks from talking with Artists who have had more experience. 
It's hard to attend MAC workshops while I'm in school full time. It's also hard to know weather an independent, outside of school project (example: putting on a fringe show) is applicable for a grant, when the grant states it's not for students. ",Connected,NA,1,2,7,4,5,3,6,8,9,"I think offering small grants to emerging artists would be helpful. Example, I would like to do a fringe show this year. If I win the lottery, I will have to pay about $800 for a tec and venue. If I could apply for a grant and only pay for 3/4 or half of that, that would elevate so much financial stress! Small grants of $50 to $800 would significantly change what I'm able to do with my art !","I know a lot of artists who go to school for art or theater or film, but then need to change professions cause they can't find work or they can't fund independent projects. 
Small grants would really help out these artists be able to cover rent for a month while writing a show or pay for food while they're in between gigs. Or buy a tablet to start teaching themselves graphic design to better market their talents or company. ","Applied, not funded",Individual,R3M,43,Capital Region,Winnipeg Area
118985479810,2025-10-27,completed,No,Yes,Individual Artist,NA,Media Arts,NA,R3B,"Promote and encourage the production, and performance of  the arts and help artists accomplish their goals. ",Confident,Excellent,Good,Good,Fair,Good,Fair,Fair,Fair,Be more specific on how one can re-apply with the same project and what can be done to make it more worthy,Connected,NA,7,2,9,6,5,4,8,3,1,There is a better way to showcase all the art that's being produced. There are so many things that happen that no one knows existed.,"What if there was a program where you said, ""We need more of _______ (THIS)"" and artists contributed to it?  ","Applied, not funded",Individual,R3B,44,Capital Region,Winnipeg Area
118985477224,2025-10-27,completed,Yes,No,Missing,"I am an individual artist, acting on an arts board.",Missing,"Music, literary and film. Most artists must be multitalented to survive. You're missing the boat in this survey.",R3B3H6ANDR3L0H7,"To foster and support community-based arts programming, facilitating audiences and readers and artists who work together to foster a creative climate in Manitoba.",Confident,Excellent,Excellent,Excellent,Don't know,Excellent,Good,Excellent,Don't know,Have more money to distribute.  ,Very connected,NA,Missing,Missing,Missing,Missing,Missing,Missing,Missing,Missing,Missing,"I hope that Winnipeg and the rest of Manitoba, especially our northern and rural parts of the province, remain as rich with cultural experiences as they are now with a greater public awareness which develops our audiences more.  We need to develop more accessible venues, i.e. for wheelchair users and others with disabilities first and foremost not dropped to the bottom of concerns as they are now.",Awareness of the arts and the rich spiritual and health-producing results of a life immersed in the arts is critical. We need greater awareness of the need for accessibility in venue (physical access) and financially.,Funded,NA,R3B,45,Capital Region,Winnipeg Area
118985475959,2025-10-27,completed,Yes,Yes,Community-based Organization,NA,Missing,"Music, video",R3C1Y8,"MAC provides both funding and resources to artists, arts and culture programs and organizations as well with an emphasis of funding cultural arts as well with Elders and/or Knowledge keepers. ",Confident,Excellent,Good,Excellent,Good,Excellent,Excellent,Good,Good,n/a,Connected,NA,1,4,6,3,2,7,8,5,9,More of the same. I feel MAC supports individual artists as well as schools and community. ,"Please keep grassroots arts communities in mind always. It is the place where many young artists discover their passion, which leads to life long creativity in the art. ",Funded,Organization,R3C,46,Capital Region,Winnipeg Area
118985464615,2025-10-27,completed,Yes,Yes,Arts/Cultural Organization,NA,Media Arts,NA,R3C0E2,To fund and support the arts in Manitoba.,Very confident,Excellent,Excellent,Excellent,Excellent,Excellent,Excellent,Good,Good,Increase funding and funding caps. Surprise surprise!,Very connected,NA,1,4,5,6,7,2,8,9,3,"They have devised a way to inject more funding into the arts, allowing small and medium sized organizations to grow and be sustainable. Either this is through an increase in government funding, or a combination of government and large private/commercial initiatives, taking some of the burden of fundraising off of the organizations, who are stretched thin on resources.","With the rise of AI and the ever changing arts and entertainment landscape, the role of arts/culture in our society is constantly evolving. I would love to see some out of the box thinking that would give our sector some confidence that things will improve, meaningfully and sustainably. Artists have always been progressive and inventive thinkers - the systems that we implement should be an example for other sectors to learn from.",Funded,Organization,R3C,47,Capital Region,Winnipeg Area
118985455053,2025-10-27,completed,Yes,Yes,Missing,Artist run non profit ,Visual Arts,NA,R0E1E0,Fund and educate arts ,Very confident,Excellent,Good,Good,Good,Excellent,Fair,Excellent,Don't know,Specific granting of rural communities less than 2000 residents ,Connected,NA,7,6,3,2,4,5,8,9,1,"Our organization would have been supported financially and education wise by MAC and will be running a beautiful community gathering location with staff, a full board and many programs for the public. ","Our little organization would like to be seen by larger organizations as place they want to connect with to do things provincially wide - such as FLASH , or a place they would like to come to for a group experience/ team build. ",Funded,NA,R0E,48,Interlake,Outside Wpg
118985450641,2025-10-27,completed,Yes,Yes,Arts/Cultural Organization,NA,Literary Arts,NA,R3P0R9,To enhance the culture of art in Manitoba by supporting organizations and artists throughout the province through targeted funding grants,Very confident,Excellent,Excellent,Good,Good,Excellent,Excellent,Excellent,Excellent,I'm impressed wth all that MAC aspires to and manages to achieve -- as well its ability to evolve with changing circumstances.,Very connected,NA,2,1,7,8,6,4,9,3,5,"Stronger connections among arts programs in universities, in communities, and professional artists/organizations so that opportunities for cultural art experiences are accessible and available (for artists and audiences) for every individual in every community.","Without art, the world is bleak.",Funded,Organization,R3P,49,Capital Region,Winnipeg Area
118985446503,2025-10-27,completed,Yes,Yes,Arts/Cultural Organization,NA,Music,NA,R3L1L8,"To advocate for the arts within the province, to support the arts in Manitoba, and to distribute grant monies from the provincial government to artists & arts organizations across the province.",Confident,Excellent,Excellent,Excellent,Fair,Good,Fair,Excellent,Don't know,NA,Connected,NA,4,9,5,6,7,1,3,8,2,"Created a hub of support for small arts organizations to come together and share resources (marketing, advice, bookkeeping) and offered low-interest loans.","The staff of MAC is incredibly committed, passionate, and helpful. 
I would love to see some of these real-life ideas (loans, resource sharing) come to fruition rather than continuing to seek the ""numbers"" and quantify the impact. We can keep telling people what an impact the arts has, or just support the arts and believe that the art & arts organizations themselves will do the work of helping people to care about what we offer.",Funded,Organization,R3L,50,Capital Region,Winnipeg Area
118985418384,2025-10-27,completed,No,No,Individual Artist,NA,Media Arts,NA,R3P0T8,to encourage the arts in Manitoba,Confident,Excellent,Excellent,Good,Excellent,Excellent,Good,Excellent,Good,It could change the way it runs the Artist in the School Program and wage schedule.  Over the years it has changed from a program that supported the artist to one that hardly does that.,Very connected,NA,2,1,3,4,5,6,7,8,9,I think they are doing quite well now but I only know one cultural area well,no,"Did not apply, not funded",Individual,R3P,51,Capital Region,Winnipeg Area
118985417920,2025-10-27,partial,Yes,No,Individual Artist,NA,Missing,Bande dessinée: art visuel et art littéraire,R5J0B9,"Appui aux artistes professionnels du Manitoba
Appui aux organismes artistiques professionnels du Manitoba
Appui à la création artistique au Manitoba",Confident,Fair,Fair,Fair,Good,Good,Poor,Fair,Fair,"Soutien de base pour artistes professionnels actifs, reconnus et seniors",Connected,NA,Missing,Missing,Missing,Missing,Missing,Missing,Missing,Missing,Missing,NA,NA,Funded,Individual,R5J,52,Eastman,Outside Wpg
118985417665,2025-10-27,partial,No,Yes,Individual Artist,NA,Visual Arts,NA,R3M,NA,Confident,Excellent,Excellent,Good,Good,Good,Good,Good,Good,NA,Connected,NA,Missing,Missing,Missing,Missing,Missing,Missing,Missing,Missing,Missing,NA,NA,"Applied, not funded",Individual,R3M,53,Capital Region,Winnipeg Area
118985404208,2025-10-27,completed,Yes,No,Arts/Cultural Organization,NA,Missing,Combination visual/performing arts,R0K1G0,"MAC is the connection between artists and art/culture organization and the Manitoba Government. They assist in garnering support through education, finances and collegiality.",Very confident,Excellent,Excellent,Excellent,Excellent,Excellent,Excellent,Excellent,Don't know,I cannot think of any. My experience has been excellent across the board.,Very connected,NA,Missing,Missing,Missing,Missing,Missing,Missing,Missing,Missing,Missing,"I believe more of the same is the important thing. I would imagine to keep up with all of our needs, they might develop a larger staff and perhaps spend more time connecting with the rural artists and organizations by visiting and making face to face contact.",Nothing else.,Funded,Organization,R0K,54,Westman,Outside Wpg
118985393604,2025-10-27,completed,Yes,Yes,Missing,non-profit community arts group,Visual Arts,NA,R0C1B0,To assess the value of the work we do and support if worthy.,Don’t know enough to answer,Good,Good,Good,Fair,Good,Good,Fair,Fair,Give equal importance to rural organizations.,Connected,NA,7,5,4,8,6,2,9,3,1,"Expand on your vision of the word ""Culture""....is it inclusive to Manitoba History importance...needs clarification.
","As all of us in the ""Culture"" industry providing destinations for tourists to discover Manitoba in the current political environment...we have seen much more visitation this summer from outside of Canada than previously.  And the remarks are 'remarkable' about their discovery of our Country and our Culture and our 'group intelligence/education' the new visitors to our country  are
voicing with their experiencing....rewarding to hear when we as volunteers put forth an effort to make these destinations a possibility and quality....and something we as citzens have always been proud of.",Funded,NA,R0C,55,Interlake,Outside Wpg
118985379723,2025-10-27,completed,No,No,Individual Artist,NA,Theatre,NA,R3B3J7,"MAC's purpose is to fund and support professional artists and arts organizations in Manitoba.
",Confident,Good,Good,Don't know,Good,Good,Don't know,Don't know,Don't know,More money. The pressure for new initiatives results in sacrificing long-running established activities.,Connected,NA,2,4,5,6,7,3,8,9,1,"A high visibility arts promotion campaign working with Tourism Manitoba to highlight Manitoba arts events at least equal to sport fishing. Make Manitoba arts a destination not only for visitors but also our own citizens. Make it easy for people to find arts activities, both large and small. Get out of the silos; even MAC staff are unaware of what's going on outside their immediate areas.
",Try to ensure that the grant application process keeps art at the forefront ahead of bureaucratic needs.,"Did not apply, not funded",Individual,R3B,56,Capital Region,Winnipeg Area
118985368007,2025-10-27,completed,No,Yes,Individual Artist,NA,Literary Arts,NA,R3N1N1,"To support the arts in Manitoba, making sure artists and organizations have the resources to produce new art and to share that art to as wide an audience as possible.",Confident,Excellent,Good,Excellent,Good,Excellent,Good,Good,Don't know,Not sure.,Connected,NA,1,2,7,6,8,9,3,4,5,"They have partnered with cities / communities to create simple ways for arts audiences to get to and from venues, they have implemented a successful marketing campaign promoting local artists/art over entertainment like giant streaming services (a shop local equivalent for arts and culture) and have also alotted more funds for the creation of new and contemporary art.","Art as a shared, unique and engaging experience is important. Thank you for all that you're doing.","Applied, not funded",Individual,R3N,57,Capital Region,Winnipeg Area
118985362586,2025-10-27,completed,Yes,No,Individual Artist,NA,Visual Arts,NA,R0AOA2,help artist financially to develop their own expression,Very confident,Excellent,Excellent,Excellent,Excellent,Excellent,Excellent,Excellent,Excellent,Judges should be from different provinces.  The line between visual arts and crafts is too bold.  Many cross. ,Connected,NA,1,2,4,3,5,6,7,8,9,No sure,"finance metis artists but do not insist that what is produced reflect metis ancestry 
",Funded,Individual,R0A,58,Eastman,Outside Wpg
118985356462,2025-10-27,partial,Yes,Yes,Arts/Cultural Organization,NA,Missing,"music, dance and fine arts",R3V1B9,NA,Missing,Missing,Missing,Missing,Missing,Missing,Missing,Missing,Missing,NA,Missing,NA,Missing,Missing,Missing,Missing,Missing,Missing,Missing,Missing,Missing,NA,NA,Funded,Organization,R3V,59,Capital Region,Winnipeg Area
118985356071,2025-10-27,completed,Yes,Yes,Individual Artist,NA,Missing,circus,R3G2K4,Provides funding for the creation and sharing of arts and culture for the benefit of all Manitobans,Confident,Good,Good,Good,Good,Excellent,Good,Excellent,Don't know,"I’d love to see more micro-grants that are truly accessible, and a larger percentage of overall funding directed toward small and mid-sized artists and companies.

This year, only 25% of Create grants were funded, which shows the need for a higher budget in that category. 

Meanwhile, operating funds for the RWB, WSO, and MTC were each around $800,000—equal to the total funding for all Create grants combined. That doesn’t feel equitable.

I understand these are different funding streams and that large institutions also need support, but I believe more, smaller grants for independent and emerging artists would strengthen Manitoba’s arts ecosystem far more.

After all, how can a small company compete with an organization that can afford a professional grant writer?

(I would also like to choose something between connected and disconnected in question number 10, but it's not an option).",Connected,NA,1,4,5,6,7,2,8,3,9,"MAC’s funding is focused where it makes the greatest impact—investing in small and mid-sized artists and companies whose creative work truly shapes Manitoba’s cultural landscape but who lack access to the same private and corporate resources as larger institutions.  

There is more equity between the total funding toward create, share, tour of individual artists and small companies and the funding toward any one large professional arts organization.

These artists and organizations are often the ones creating new work, filling gaps in Manitoba’s arts scene, and bringing forward fresh voices and visions. Supporting them not only fosters innovation but ensures a more diverse and vibrant arts community across the province.

MAC also has the unique ability to provide early-stage support and credibility—the kind of seed funding that helps emerging organizations grow to a point where they can attract additional partners, sponsors, and private funding.

By focusing more of its resources in this direction, MAC could help build a more balanced and equitable arts ecosystem, rather than one where smaller companies must compete against institutions with professional grant writers and dedicated fundraising teams.","I believe MAC should reassess its priorities in light of the reality that private donations, corporate sponsorships, and foundation grants already tend to flow toward larger institutions. 

Perhaps MAC could even play a role in connecting smaller companies to those private opportunities, while using its public funds to nurture the growth of new art and emerging voices in Manitoba.",Funded,Individual,R3G,60,Capital Region,Winnipeg Area
118985352397,2025-10-27,completed,No,No,Individual Artist,NA,Craft,NA,R5K0Z6,"Supporting artist effort, education, and nurturing emerging talent.",Not very confident,Good,Good,Fair,Fair,Good,Fair,Fair,Fair,"Broaden the criteria for ""professional"". I was not eligible for MAC as my 30 year career, full time, dedication to my craft was not considered ""professional"" as I had not exhibited in a juried exhibition",Disconnected,"As a craft professional, it has been my experience that only certain areas of craft activity and certain ways of presenting the craft work, are considered as meeting the criteria. In discussion with a MAC representative, this criteria was the participation in a juried exhibition which paid CARFAC rate artist fees. In the rural areas, these opportunities are very limited. Many rural craft artists work full time at there craft and make sales, yet, by the MAC criteria, can not be considered professional.",5,8,9,1,7,2,6,3,4,"Effective professional development for emerging artists, especially at the under-graduate level.","Work with school administration to refocus their understanding of effective arts based education. Many school divisions, still, have a low level of importance to arts education, while some are implementing excellent programs.","Did not apply, not funded",Individual,R5K,61,NA,Outside Wpg
118985352117,2025-10-27,completed,No,Yes,Individual Artist,NA,Media Arts,NA,R2H1W1,Support in the act of creating artistic endeavours.,Confident,Good,Good,Excellent,Good,Excellent,Good,Excellent,Good,Not sure.,Connected,NA,2,1,6,7,8,9,4,5,3,In 10 years or less our Government has realized the importance of the cultural sector in the well being of it's citizens and provides more funds to grow the arts.,"Documentary filmmaking is an art form that shares stories vital to our cultural awareness, deepening empathy, challenging assumptions, and preserving truths that might otherwise go unheard. Through the careful crafting of visual narratives, documentary films provide a lens into the lived experiences of others, amplifying voices that are too often marginalized or forgotten. They do more than document events—they provoke thought, spark conversation, and cultivate a deeper understanding of the social, cultural, and emotional forces shaping our world. In an age where fast media dominates our attention, the documentary stands as a deliberate, reflective practice that asks us to slow down and truly listen. Whether exploring themes of aging, identity, or artistic reinvention, documentary films hold a mirror to the human condition, encouraging audiences to see the complexity and dignity in every life. ","Applied, not funded",Individual,R2H,62,Capital Region,Winnipeg Area
118985336539,2025-10-27,completed,No,Don't know,Teacher,NA,Literary Arts,NA,R3L0G6,Assist artists in professional development. ,Not at all confident,Poor,Poor,Poor,Poor,Poor,Poor,Poor,Poor,Metis women that have paid their dues for over twenty years in their communities should be priority. Enough with pretendian Métis women that discovered an angle and now you give them funding and the real ones are still working painfully in the shadows. ,Disconnected,Its belongs to the top tiers. The poor and uneducated true artists are tired of all the red tape and bureaucracy just to develop their skills to give back to their communities.,3,1,2,4,5,6,7,8,9,I am speechless. ,Listen to the people. Stop being strung around. Fuck we are dying out here yet still giving back. Everyone is profiting off our work. Its absolutely disgusting privilege. ,Missing,Individual,R3L,63,Capital Region,Winnipeg Area
118985334977,2025-10-27,completed,Yes,No,Arts/Cultural Organization,NA,Literary Arts,NA,R3B1H3,To support the creation of and  access to the arts in Manitoba. ,Confident,Good,Good,Good,Good,Excellent,Good,Don't know,Don't know,NA,Connected,NA,4,5,1,3,2,8,9,6,7,"Further investment from the province would allow MAC to provide:

enhanced operating funding to existing clients to help them cope with inflation and other increases and take on new initiatives

continued inclusion of new eligible organizations to operating program

Further outreach and awareness of the arts in Manitoba to Manitobans 

Further resources in support of best practices in board governance and arts leadership or perhaps mentorship programs ","I'm very appreciative of the hard work done by MAC's board and staff. Thank you.
",Funded,Organization,R3B,64,Capital Region,Winnipeg Area
118985329427,2025-10-27,completed,Yes,No,Arts/Cultural Organization,NA,Music,NA,R0E1V0,Tres bonne,Very confident,Good,Good,Good,Good,Good,Good,Fair,Good,Au un,Connected,NA,1,2,3,4,5,6,7,8,9,Continuer a faire vivre notre culture et notre langue,Non,Funded,Organization,R0E,65,Interlake,Outside Wpg
118985326660,2025-10-27,completed,Yes,Yes,Arts/Cultural Organization,NA,Literary Arts,NA,R3B1H3,MAC is charged with supporting and promoting organizations and individuals' artistic and cultural expressions for the benefit of all Manitobans,Confident,Good,Good,Excellent,Good,Good,Good,Excellent,Don't know,Board training for not-for-profit Directors.,Connected,NA,5,6,1,4,3,2,9,7,8,"MAC has developed services shared by many arts groups to support administration, HR, bookkeeping. MAC has well-developed PR capacity to promote the arts to a wider range of the demographic of Manitoba citizens.",Your Annual Public Meeting was a great opportunity for publicity and media connection. The staff was engaging with all attendees and the material on your website is great. Thanks and Good luck. ,Funded,Organization,R3B,66,Capital Region,Winnipeg Area
118985323959,2025-10-27,completed,Yes,Yes,Individual Artist,NA,Visual Arts,NA,R3G2J2,support and resources for art and artists in Manitoba,Very confident,Excellent,Excellent,Good,Good,Good,Good,Good,Good,Please lobby for a Guarantied Income for Artists following the recently established policy in Ireland,Connected,NA,1,7,6,5,4,8,2,3,9,"guarantied income for all Canadians has been enacted, and now, MAC is a national arts funding leader, having tripled its levels of granting to organizations and individuals for the past 5 years.",keep up the good work,Funded,Individual,R3G,67,Capital Region,Winnipeg Area
118985321766,2025-10-27,completed,Yes,No,Community-based Organization,NA,Missing,"Public Library - Supporting and promoting all artists in our community. We promote literary arts, as well as visual and music art.",R1A2H4,"Support the Arts in Manitoba via professional artists and organizations. Through many methods from grants, to information to promotion .",Very confident,Excellent,Good,Good,Poor,Good,Good,Don't know,Don't know,"Do more to breakdown the silo of Arts being its own thing. To be successful in rural Manitoba the Arts need to partner more with sister institutions like Libraries, Museums, Tourism, Indigenous knowledge workers , schools and local municipal administrations.",Connected,NA,1,4,8,6,5,9,7,3,2,MAC is seen by other cultural institutions as a good and reliable partner who brings all cultural agencies together. Manitoba artists are more successful as they are seen as not only artists but a vital partner in the success of Manitoba where outside groups partner with them for joint success. ,Broaden the outreach to other cultural institutions to join as speakers and attendees at conference and training events.,Funded,Organization,R1A,68,Interlake,Outside Wpg
118985320253,2025-10-27,completed,Yes,Yes,Indigenous Knowledge Keeper,NA,Literary Arts,NA,R0C2T0,NA,Not very confident,Poor,Fair,Poor,Poor,Good,Good,Don't know,Don't know,Have the extension dates more then 2 days,Disconnected,"Very hard to fill out applications, first application I required assistance in filling out application ",2,1,5,4,6,7,3,8,9,Increase the finical grant amount,"The women I've dwelt with were amazing, problem with passwords and accessing applications. deadlines should NOT be on weekends!",Funded,Individual,R0C,69,Interlake,Outside Wpg
118985316621,2025-10-27,completed,No,No,Individual Artist,NA,Visual Arts,NA,R3T2H4,Providing funding for artistic and cultural activities for indigneous artists and organizations,Very confident,Excellent,Excellent,Good,Good,Excellent,Good,Good,Good,I feel like they can improve in advertising,Connected,NA,2,3,5,4,6,7,8,1,9,"I hope to believe that MAC will provide funds that would specifically support programs that enable youth to become art facilitators, curators and cultural entrepreneurs within their own communities creating future employment opportunities that keep young talent close to home.",Not at this moment,"Did not apply, not funded",Individual,R3T,70,Capital Region,Winnipeg Area
118985312505,2025-10-27,partial,Yes,Yes,Individual Artist,NA,Visual Arts,NA,R3T5T5,NA,Missing,Missing,Missing,Missing,Missing,Missing,Missing,Missing,Missing,NA,Missing,NA,Missing,Missing,Missing,Missing,Missing,Missing,Missing,Missing,Missing,NA,NA,Funded,Individual,R3T,71,Capital Region,Winnipeg Area
118985312368,2025-10-27,completed,Yes,Yes,Arts/Cultural Organization,NA,Visual Arts,NA,R7A0K9,To distribute prvincial funds to support the arts in Manitoba,Confident,Good,Good,Good,Good,Excellent,Good,Fair,Don't know,"The distribution of funding is often talked about in a ""per capita"" sense in defense of the percieved Winnipeg-centrism, which is only one way to read that kind of distribution. Even if smaller the arts in smaller communities will reach fewer people by design, the impact is often far greater, because it's not one art experience over another, it's an art experience or none at all. 
I think that accompanies a perception that non-urban art doesn't have to be excellent, and so it can be achieved more cheaply.
I know a jury sytem should act as the failsafe for these kinds of perceptual biases, but it doesn't. The rift between the super-funded and the under-funded grows and is assumed natural, reinforcing itself. ",Connected,NA,2,4,7,8,6,1,9,3,5,"A dedicated program for hiring arts professionals, maybe through multi-year contract salaries or contingent on succession plans. ",NA,Funded,Organization,R7A,72,Westman,Outside Wpg
118985307023,2025-10-27,completed,Yes,No,Student of the Arts,NA,Theatre,NA,R2W1H9,To help and be a pillar of support for the artistic community in Manitoba.,Very confident,Excellent,Excellent,Excellent,Excellent,Don't know,Fair,Don't know,Don't know,NA,Very connected,NA,1,6,7,3,5,2,4,8,9,NA,NA,Funded,Individual,R2W,73,Capital Region,Winnipeg Area
118985306793,2025-10-27,completed,Yes,No,Arts/Cultural Organization,NA,Theatre,NA,R3B0P8,"To serve as the provincial arms-length funder, supporting the health, breadth and depth of the province's arts sector",Not very confident,Excellent,Excellent,Excellent,Good,Excellent,Excellent,Don't know,Don't know,"More research. The sector orgs don't have the means to undertake broad sectoral research, and getting more nuanced data would be helpful. The survey results released at the APM is a great first step, but should be one of many sets of data being collected.",Connected,NA,2,1,7,8,9,6,4,3,5,"in 10 years, MAC has prepared all the qualitative & quantitative data needed to convince the provincial government to radically increase their funding to the sector, enabling the sector to be seen as valuable to all Manitobans","We need more of the ""Looking Forward"" program on a recurring basis. The sector is GREAT at reimagining things, we just need regular access to funding to support/enable that change. THANK-YOU for creating that program. It is vitally important.",Funded,Organization,R3B,74,Capital Region,Winnipeg Area
118985305662,2025-10-27,completed,Yes,Yes,Individual Artist,NA,Visual Arts,NA,R3C2A4,"The Manitoba Arts Council funds the creation and sharing of arts and culture for the benefit of all Manitobans.

",Very confident,Excellent,Excellent,Excellent,Excellent,Excellent,Excellent,Excellent,Don't know,"It would be helpful if the daytime PD sessions were recorded for later viewing or if a summary of key information was shared afterward.
",Very connected,NA,1,8,5,3,2,7,9,6,4,"through advocacy for the public to celebrate the arts balancing with leadership training, equipping galleries and venues to show work that is a standard of artistic integrity, as well as challenging audiences. ",NA,Funded,Individual,R3C,75,Capital Region,Winnipeg Area
118985305053,2025-10-27,completed,No,Yes,Arts/Cultural Organization,NA,Literary Arts,NA,R2H3B4,Bonne compréhension de l'objectif audacieux du CAM.  ,Not very confident,Excellent,Excellent,Excellent,Fair,Good,Fair,Fair,Fair,"Le soutien à la communauté francophone.
Le soutien aux arts littéraires. ",Disconnected,"Aucun soutien financier, aucun intérêt pour nos activités (car aucune présence du CAM durant les événements de la programmation annuelle), aucune connaissance de la réalité inquiétante du livre, de la littérature et de l'apprentissage de la lecture. Faible connaissance de l'art du slam (art émergent depuis 39 ans, qui crée des miracles avec peu d'investissements financiers). Aucune rencontre annuelle avec notre organisme sur ses besoins, ses défis, sa programmation artistique.  Déconnexion avec la francophonie (aux moyens très limités) et ses enjeux des survie. 
",5,1,2,8,9,4,3,6,7,"Accomplissement dans 10 ans : respect de son mandat dans les 2 langues officielles
Différent : davantage d'événements en ville, dans la rue, davantage d'artistes dans la vie publique (dans les conseils d'administration, sur les espaces publiques, favoriser la synergie en organismes francos et anglos.

Les arts peuvent changer la vie, créé du PIB,  encore faut-il en être convaincu. ","Égalité de moyens entre les 2 communautés de langues officielles.
Il faut plus de souplesse et de moyens dans la gestion des subventions et leur attribution. (les délais sont trop longs, les aides sont symboliques parfois inexistantes)","Applied, not funded",Organization,R2H,76,Capital Region,Winnipeg Area
118985301814,2025-10-27,completed,Yes,No,Individual Artist,NA,Visual Arts,NA,R3L0K7,To support Manitoba Artists and Arts Organizations to create and present artworks,Confident,Excellent,Good,Fair,Fair,Excellent,Good,Don't know,Don't know,Separate the individuals from festivals in the present grant stream. Seems strange to have these in the same grant stream.,Connected,NA,7,1,3,4,2,8,6,9,5,Highlighted the financial and cultural impact of the arts in Manitoba. Created more long term funding for artists and organizations. Created a mentorship for artists and arts organizations for better business practices. Created an arts collection branch with a transparent process for artists to apply to.,Who is on the strategic plan committee? Will there be a feedback session as it is developed?,Funded,Individual,R3L,77,Capital Region,Winnipeg Area
118985300770,2025-10-27,completed,Yes,No,Arts/Cultural Organization,NA,Missing,Music and visual arts,R3T4J6,"My understanding is that MAC exists to support arts programs in community, support individual artists, and support arts organizations.",Very confident,Excellent,Excellent,Good,Good,Excellent,Excellent,Excellent,Don't know,"Unfortunately, I am going to assume that everyone who answers this will refer to increased funding which, although I know this is always pursued at a government level, I also think there's not a huge amount of control MAC can exercise in this respect.  I think MAC's inclusion and diversity policies are excellent and find that 'you' are always responsive to changing needs and priorities.  I think you do this incredibly well.",Very connected,NA,1,7,6,5,4,3,9,2,8,"Sadly, again - funding seems to be the largest impediment to growth and Winnipegers are great at getting things done regardless of funding.  We all know the artists who receive 1/3 of their requested grant and make it happen anyways ... 
To the extent of my knowledge, I'm going to go with more of the same.",Not really.  MAC has always been great with our organization.  Staff are very helpful and supportive.  Most small arts orgs would love to ask for operational funding but I don't know if this is still something MAC can fund in terms of new applicants ... ,Funded,Organization,R3T,78,Capital Region,Winnipeg Area
118985298958,2025-10-27,completed,No,No,Arts/Cultural Organization,NA,Missing,Ethno-cultural Arts,R3C1S6,Primarily a funding body to distribute provincial arts and culture funding. ,Very confident,Excellent,Excellent,Excellent,Excellent,Excellent,Don't know,Don't know,Don't know,More immersive communications in lieu of online could better assist those where English is not first language. ,Connected,NA,5,6,1,2,3,7,8,4,9,Bridged the gap between artists to be more inclusive of ethno-cultural artists with intangible skills and experience.,Not at this time,"Did not apply, not funded",Organization,R3C,79,Capital Region,Winnipeg Area
118985296693,2025-10-27,completed,No,Yes,Individual Artist,NA,Visual Arts,NA,R3L0L9,"to support artistic development, practice and presentation of Manitoba artists",Not very confident,Excellent,Good,Excellent,Good,Excellent,Good,Excellent,Excellent,"currently the arts in Manitoba--individual artists and organizations--are not being supported to a level than increases audience engagement and understanding, nor to the level that pushes practices to the next level. Risk and innovation is struggling because of lack of funding. Too few artists are receiving too little money.",Very connected,NA,2,1,6,4,5,3,9,7,8,"There is no way to achieve significant impact without significant funding. MAC must convince the Province of this. Right now everyone is treading water at best, barely keeping our noses above water.",NA,"Applied, not funded",Individual,R3L,80,Capital Region,Winnipeg Area
118985296212,2025-10-27,completed,Yes,No,Individual Artist,NA,Dance,NA,R3G1X3,"Funding Manitoban Individual, Collective, and organizational artistic work.",Confident,Excellent,Excellent,Good,Good,Excellent,Excellent,Excellent,Excellent,"I would like to see Mac connect with the Hip Hop Dance community and 2SLGBTQIA+ Ballroom community in more intentional way. I enjoyed the presentation MAC did with GORGE Festival, and I think a similar one could be done in the communities above.",Connected,NA,9,8,7,1,2,3,4,5,6,I’d love to see MAC continue funding art work in and from marginalized and isolated communities. ,NA,Funded,Individual,R3G,81,Capital Region,Winnipeg Area
118985294595,2025-10-27,completed,No,No,Individual Artist,NA,Literary Arts,NA,R3L2B6,To foster and promote the arts in Manitoba through a granting system.,Confident,Good,Fair,Good,Good,Don't know,Good,Don't know,Don't know,NA,Connected,NA,2,1,3,6,5,8,9,7,4,NA,NA,"Did not apply, not funded",Individual,R3L,82,Capital Region,Winnipeg Area
118985293376,2025-10-27,partial,Yes,Yes,Individual Artist,NA,Missing,circus,R3G2K4,to fund the creation of art to benefit all Manitobans,Confident,Excellent,Good,Good,Good,Excellent,Good,Excellent,Good,"I’d love to see more micro-grants that are truly accessible, and a larger percentage of funding directed toward small and mid-sized artists and companies.

This year, only 25% of Create grants were funded, which shows the need for a higher budget in that category. Meanwhile, operating funds for the RWB, WSO, and MTC were each around $800,000—each one equal to the total funding for all Create grants combined. That doesn’t feel equitable.

I understand these are different funding streams and that larger institutions also need support, but I believe more, smaller grants for independent and emerging artists would strengthen Manitoba’s arts ecosystem far more.

After all, how can a small company compete with an organization that can afford a professional grant writer?",Connected,NA,1,2,4,6,8,3,7,5,9,NA,NA,Funded,Individual,R3G,83,Capital Region,Winnipeg Area
118985291693,2025-10-27,completed,Yes,Yes,Community-based Organization,NA,Craft,NA,R2X3B9,NA,Very confident,Excellent,Fair,Excellent,Excellent,Excellent,Excellent,Fair,Excellent,Clearer guidelines on eligible/ineligible activities as well as more information in regards to applications that were not accepted.,Connected,NA,1,2,9,7,8,3,5,4,6,"10 years from now, MAC will have greatly impacted the arts and cultural community in Manitoba, creating artistic and creative opportunities for communities that face several barriers such as socioeconomic disparities. ",We greatly appreciate that you grant funding to community organizations as this helps us to offer programs and workshops to the communities we serve.,Funded,Organization,R2X,84,Capital Region,Winnipeg Area
118985291211,2025-10-27,completed,Yes,Yes,Individual Artist,NA,Visual Arts,NA,R3E2J2,To support artists and arts organizations financially through a peer assessment process,Confident,Good,Good,Good,Good,Fair,Good,Fair,Fair,Grant amounts that reflect the reality of increases in the cost of everything including cost of living,Disconnected,"Grant amounts have increased very little over the past 30 years.  The cost of literally everything has increased in that time but artists are expected to still make work, still pay the bills even though income from grants rarely covers the expenses.  MAC has increased the number of administrative staff exponentially during that time and, of course, gives its staff regular wage increases.  I am not suggesting the staff don't deserve these wage increases.  However it reflects an attitude that artists don't matter - they can survive on crumbs.  If it weren't for artists making their work, no one at MAC would have jobs.  We are the primary drivers of the whole sector however this is not reflected in financial compensation.  Sometimes it feels like funding bodies exist so that an handful of administrators can have good jobs with good salaries while the primary drivers of the sector, individual artists, are left out. This situation would not be acceptable in any other sector.  

Reducing the levels of administration at MAC could free up some room in the budget for more money to flow to artists.",5,6,3,1,2,4,9,7,8,Increased funding to individual artists,MAC should look into Trust-based Philanthropy and see if any of their principles could be adopted to lessen the administrative load on MAC thereby freeing up some funds that could go to artists.,Funded,Individual,R3E,85,Capital Region,Winnipeg Area
118985287824,2025-10-27,partial,Yes,Yes,Individual Artist,NA,Visual Arts,NA,R3T,Support Manitoban artists in production and presentation of culture,Not at all confident,Fair,Fair,Good,Poor,Fair,Poor,Poor,Don't know,NA,Disconnected,"Feel that MACs scope has become more limited, more resources should be put into high quality cultural projects with larger audiences. Also not neglect project of MAC to help Manitoban artists share their work outside of the province. MAC should refocus on job of distributing funding to highest quality applicants.",Missing,Missing,Missing,Missing,Missing,Missing,Missing,Missing,Missing,NA,NA,Funded,Individual,R3T,86,Capital Region,Winnipeg Area
118985282765,2025-10-27,completed,Yes,No,Individual Artist,NA,Visual Arts,NA,R3E1X8,MAC is a support system for artists and arts organizations that offers funding support to Manitoban.,Very confident,Excellent,Excellent,Good,Good,Excellent,Excellent,Don't know,Don't know,More funding for more artists,Connected,NA,2,1,5,6,7,4,9,8,3,I think MAC is doing a really great job in the community we just need more resources for you to do more of it,"There is a community that needs you and supports you, if there are ways to mobilize us in advocating for more resources for MAC from the province you should look to us, and call on the groups that exist (for example MARCC) to share this info with their networks",Funded,Individual,R3E,87,Capital Region,Winnipeg Area
118985280978,2025-10-27,partial,No,No,Individual Artist,NA,Theatre,NA,R2H1E5,NA,Missing,Missing,Missing,Missing,Missing,Missing,Missing,Missing,Missing,NA,Missing,NA,Missing,Missing,Missing,Missing,Missing,Missing,Missing,Missing,Missing,NA,NA,"Did not apply, not funded",Individual,R2H,88,Capital Region,Winnipeg Area
118985274225,2025-10-27,partial,No,Yes,Student of the Arts,NA,Music,NA,R3B1B3,NA,Missing,Missing,Missing,Missing,Missing,Missing,Missing,Missing,Missing,NA,Missing,NA,Missing,Missing,Missing,Missing,Missing,Missing,Missing,Missing,Missing,NA,NA,"Applied, not funded",Individual,R3B,89,Capital Region,Winnipeg Area
118985270873,2025-10-27,partial,Missing,Missing,Missing,NA,Missing,NA,R0B0B6,NA,Missing,Missing,Missing,Missing,Missing,Missing,Missing,Missing,Missing,NA,Missing,NA,Missing,Missing,Missing,Missing,Missing,Missing,Missing,Missing,Missing,NA,NA,Missing,NA,R0B,90,Norman,Outside Wpg
118985269625,2025-10-27,completed,Yes,Yes,Collective / Group of Artists,NA,Inter-arts,NA,R3T2J8,"To support artists in the province -- research, creation, exposure. ",Confident,Excellent,Fair,Excellent,Poor,Fair,Fair,Poor,Don't know,"In performance art -- such as theatre -- there's no follow-through from creation to sharing. We can develop our work, but not show it. ",Connected,NA,8,2,7,4,3,5,9,6,1,"There is more support for launching the projects, gathering audiences and readers. There's support from Creation through Sharing. There's far more interdisciplinary support -- and juries with greater knowledge. ",NA,Funded,Organization,R3T,91,Capital Region,Winnipeg Area
118985269082,2025-10-27,completed,Yes,No,Community-based Organization,NA,Dance,NA,R3T5S3,"My understanding is that Manitoba Arts Council's purpose is to support and advocate for the arts in Manitoba. It strives to increase the financial support of individual artists (emerging, mid-career, and established) as well as groups and organizations whose primary focus is to continue the creation and contribution of their art to our province and the Canadian art landscape.",Confident,Excellent,Excellent,Good,Fair,Excellent,Good,Good,Don't know,access to more funds...,Connected,NA,1,2,5,4,7,3,9,6,8,10 years from now would ideally see the growth and momentum built from increased financial and promotional support for the incredible artists of this province.  I think the needs are different for all arts disciplines and it is important for the Council to understand that they are absolutely contributing and are extremely necessary for the artists in the province.  It is my hope that they continue to so this valuable work.,I am curious if there could be a 'lending pot' of funds that some artists could have access to help them get their project started.  The funds would be returned to the 'pot' once the project is complete. ,Funded,Organization,R3T,92,Capital Region,Winnipeg Area
118985268583,2025-10-27,completed,Missing,Missing,Missing,NA,Missing,NA,R0B0B6,NA,Missing,Missing,Missing,Missing,Missing,Missing,Missing,Missing,Missing,NA,Missing,NA,1,2,3,4,5,6,7,8,9,NA,NA,Missing,NA,R0B,93,Norman,Outside Wpg
118985268390,2025-10-27,partial,Yes,Yes,Individual Artist,NA,Music,NA,R2H2K8,To support artists and arts organisations in Manitoba by providing funding and opportunities for growth.,Very confident,Good,Good,Good,Good,Excellent,Fair,Excellent,Don't know,NA,Connected,NA,1,8,9,5,6,3,7,2,4,NA,NA,Funded,Individual,R2H,94,Capital Region,Winnipeg Area
118985268029,2025-10-27,completed,Yes,No,Individual Artist,NA,Music,NA,R2H1L5,"A provincial non-profit body that fosters the development or arts organizations and individual artists across the spectrum of mediums; their support is essential to creating a healthy arts scene both in Manitoba and beyond, ultimately contributing to the health and wealth of our communities",Very confident,Excellent,Excellent,Excellent,Excellent,Excellent,Good,Good,Don't know,NA,Very connected,NA,2,1,3,4,5,6,7,8,9,"More of the same, while always staying tuned to the shifts in technology and its impacts on creativity and ability for artists to live from their craft",NA,Funded,Individual,R2H,95,Capital Region,Winnipeg Area
118985267286,2025-10-27,completed,Yes,No,Individual Artist,NA,Visual Arts,NA,R2M0K6,"My understanding is that MAC supports artists in brining their artistic visions to life and into our communities. Supporting us through out our whole grant writing processes, and rewriting, supporting us on making goals and how to attain those goals, supporting us with attaining financial support with grants to be able to fund our projects, celebrating our wins with us and encouraging us to try again in moments when our projects aren’t the ones that get selected but to keep going and try again. I personally feel the people behind all that goes on at MAC go above and beyond anything I ever imagined when it comes to supporting the arts. And am so immensely grateful ",Very confident,Excellent,Excellent,Excellent,Excellent,Excellent,Excellent,Excellent,Excellent,I don’t know if this would be on MAC as a whole but I wish the arts community was more aware of all the aid that is in place. I know grant writing is very intimidating and the aid I was given in so many facets even for accessibility with my nerodivergentcy helped me so immensely. I was encouraged to use the aid and not be afraid to book appointments and talk with program consultants and I’m so grateful that I did. I wish artists understood how helpful and supportive the program consultants are and not to shy away from asking for help or assistance. (I think that’s on us to be the ones doing so but I wish there was a way to get the word out on that even more in the community). I find so many people I talk to are so intimidated and when I tell them how immensely welcoming and supportive MAC is I can see that shift instantly and the door to their ideas and opportunities open up. ,Very connected,NA,1,5,9,3,8,6,4,2,7,NA,"At the MAC annual meeting there was a moment where MAC was referred to as a conduit, and it hit me that I never ever viewed the work being done in such a way. But I think that’s because of all the care, support and hands on human interaction that is given to the artists reaching out. When often we don’t get such supports that feel like organic human interactions by people who care, and even the Manipogo site itself is so thoughtfully designed with artists and creators in mind. So that’s what I would like MAC to know that what your already doing is immensely helpful as I have found as an individual artist myself. ",Funded,Individual,R2M,96,Capital Region,Winnipeg Area
118985265218,2025-10-27,completed,Yes,Yes,Arts/Cultural Organization,NA,Music,NA,R3C3Z8,To distribute Government of Manitoba funding for the arts to artists and arts organizations across the province.  I also expect them to be a leader and champion for the arts with the provincial government and Manitobans.,Confident,Good,Poor,Good,Poor,Good,Fair,Fair,Good,"Redesign the project grant categories to be more clear and discipline knowledgeable/specific.  Related to that, give MAC officers a 40% weighting and juries a 60% weighting in the decisions on awards.",Connected,NA,3,2,6,5,7,1,8,9,4,"They have gone beyond the role of simply farily distributing funding to show leadership in and for the arts in Manitoba by helping to convince the Province to increase arts funding at least annually in line with inflation.  Through leadership, they have also been able, in concert with Canada Council and the Winnipeg Arts Council (plus perhaps the Winnipeg Foundation), to increase funding for our core large arts organizations from a starvation to a sustainable level.  Plus, they have been instrumental in convincing the Province to invest in at least one new (or completely transformed) major arts performance space in Winnipeg.  ",Ancillary supports for the arts community such as the ones listed in this survey are not as important as showing  leadership and collaboration in solving the chronic funding and infrastructure issues faced by the arts.,Funded,Organization,R3C,97,Capital Region,Winnipeg Area
118985263560,2025-10-27,partial,No,Yes,Individual Artist,NA,Visual Arts,NA,R5K0E2,support grassroots artists and individuals.,Confident,Excellent,Excellent,Excellent,Don't know,Don't know,Don't know,Don't know,Don't know,NA,Connected,NA,2,4,5,6,7,8,9,1,3,NA,NA,"Applied, not funded",Individual,R5K,98,NA,Outside Wpg
118985262438,2025-10-27,partial,Yes,Yes,Arts/Cultural Organization,NA,Visual Arts,NA,R7C1C6,"Support professional and community-based arts development ln MB.  Support   growth of individual artists and appreciation of the arts by the general public.
.",Confident,Excellent,Good,Excellent,Fair,Excellent,Fair,Fair,Fair,Ensure grant decision panels are equal in representation and knowledgeable of rural Manitoba,Disconnected,"At times, appear to be lacking awareness of issues, realities facing rural community arts organizations",3,1,4,5,6,7,8,2,9,NA,NA,Funded,Organization,R7C,99,NA,Outside Wpg
118985260466,2025-10-27,completed,No,No,Individual Artist,NA,Literary Arts,NA,R3L0H3,Support the arts and the individuals involved in it.,Confident,Good,Good,Good,Good,Good,Good,Good,Good,"Maybe explain the categories a bit more clearly/simply, so you don’t have to dig around to figure out if things apply to you.",Connected,NA,4,2,7,8,6,3,9,1,5,"Maybe something different. Maybe money spread around a bit and not always going to the same people over and over. I got a grant in the past, but didn’t keep reapplying so others would get a chance. Some people seem to be really good a filling out applications, or have more time to do so, etc.",It’s hard to suggest things when I’m not 100% sure I understand your current strategy.,"Did not apply, not funded",Individual,R3L,100,Capital Region,Winnipeg Area
118985259380,2025-10-27,completed,No,No,Missing,Art Gallery,Visual Arts,NA,R1A0Y5,To provide financial support to the art community,Confident,Good,Fair,Good,Fair,Good,Good,Poor,Don't know,no comment,Connected,NA,Missing,Missing,Missing,Missing,Missing,Missing,Missing,Missing,Missing,NA,NA,"Did not apply, not funded",NA,R1A,101,Interlake,Outside Wpg
118985257883,2025-10-27,completed,Yes,Yes,Individual Artist,NA,Media Arts,NA,R3B1H3,"To support art practice, and to connect the public to art practice",Confident,Good,Good,Good,Fair,Good,Good,Don't know,Poor,"Either improve jury makeup or provide mandatory jury training in advance of the jury process, as I’ve seen jurors invent their own criteria on the spot that is different from the guidelines, and officers have varying success in correction. Even things as basic as reviewing what conflict of interest is, should be reviewed with some kind of in person talk, before asking jurors to self assess whether they are in conflict of interest. ",Disconnected,"MAC is very connected with institutional art practices, where it pours the latest amount of its money. But it seems rather disconnected to the reality of smaller orgs and individual artists. An example is having a consultant like Judy Murphy, who has no experience in orgs with budgets under $500,000 or starting up organizations or creating community art movements, and offering her “experience” to small orgs and groups working in that space, which makes it seem that to MAC this space is not a professional art space unto itself, but something that people need to graduate out of. The answer to the problems of small orgs and informal groups will never be found through a “correction” to move to institutional resources. This is one example of how MAC seems to not understand the sector.  ",7,5,8,2,1,3,9,6,4,"Small orgs and informal groupings are thriving with access to shared resources to support grant writing, bookkeeping and leadership support. Diversity and plurality is respected, and MAC has stopped trying to pick “winners” in the back end. No organizations are “too big to fail.” ","There is a lot of movement towards better board training, but the reality is that Winnipeg and Manitoba have too small of an arts pool to support the needs. People have been repeatedly trained over and over again, with a ton of sector investment placed on this, and they still won’t learn. It would honestly be better to require board coaching  and / or have a 3rd party governance consultant to be present at all board meetings if you want to see true improved results. There are a lot of personal agendas and axes to grind in the community, and when some folks (not all, and not even the majority, but unfortunately enough) feel they have power over others with their positions in institutions and organizations, they become Trumpian characters who use their authority to move forward personal definitions of justice, retribution and community access. This is because nearly everyone provincially is in a conflict of interest position within all aspects of their respective art communities locally, due to the small size of their communities. It would be a wiser investment to  focus on instilling better protections against conflict of interest via active management and governance coaching, and promoting true community access by actively inquiring about access policies and behaviours, as opposed to just having a broilerplate checklist for orgs to self-affirm they are adequately accessible. Until board positions have actual accountability metrics to the community - via funders and/or 3rd party assessment - nothing is going to improve, as there is no carrot and no stick. If MAC assessed board makeup as part of its org assessments, this would fundamentally change the way that orgs function. But I do not believe MAC even knows how to assess whether an arts org board is functional, professional or suitable to its context. And therein lies a core foundational problem. ",Funded,Individual,R3B,102,Capital Region,Winnipeg Area
118985256533,2025-10-27,completed,Yes,Yes,Collective / Group of Artists,NA,Visual Arts,NA,R2L0E6,"to support artists / collectives / organizations with developing artists for exhibition, creation and learning",Not very confident,Excellent,Excellent,Fair,Good,Excellent,Fair,Excellent,Excellent,"secure more funding overall. Orgs, collectives and individual artists have all had increasing expenses related to their art practice",Very disconnected,"where are the officers at openings, receptions, opera/ dance / theatre and all the artist run centres? They need to be in the community",4,3,5,6,1,2,7,8,9,"Ten years from now, the Manitoba Arts Council has reshaped the arts and cultural landscape by investing in sustainability, shared infrastructure, and equitable access for artists and organizations.

Through bold policy changes and innovative funding models, arts organizations that do not own their buildings now have the opportunity to purchase and share creative spaces, fostering long-term stability. These shared facilities include paid artist-in-residence studios, ensuring that artists are compensated for their time, research, and community engagement.

MAC has also supported the creation of shared financial and administrative services for artist-run centres and small organizations. Through a collective system for CADAC reporting, bookkeeping, pension, and benefits administration, organizations have reduced overhead costs, freeing budgets to increase salaries and expand benefits for staff and contractors. This model has become a national example of how shared infrastructure can strengthen the entire arts ecosystem.

For individual artists, MAC’s funding programs have evolved to provide three annual opportunities to apply for project, creation, and career development support. This has fostered consistency and financial security for artists, allowing them to plan their creative work over longer timelines.

Overall, MAC’s budget has grown substantially, reflecting the province’s commitment to the cultural economy as a driver of wellbeing, innovation, and community vitality. The result is a stronger, interconnected arts sector — one where artists and organizations have the resources, stability, and recognition they need to thrive.","that ALL indigenous artists, groups, orgs MUST have proof of identity. they CAN NOT self identify. It's FRAUD and any artist that has claimed to be Indigenous and has received funding, needs to be charged with FRAUD and have to pay back all the grant money they received from MAC. It's FRAUD and needs to be addressed
",Funded,Organization,R2L,103,Capital Region,Winnipeg Area
118985256045,2025-10-27,completed,Yes,Don't know,Arts/Cultural Organization,NA,Literary Arts,NA,R3B1H3,To fund and champion the arts in Manitoba,Confident,Excellent,Good,Don't know,Don't know,Don't know,Don't know,Don't know,Don't know,"How MAC presents itself to the community. Back in spring, there was a ""Brainstorming Session"" for a new grant, that helped with organizations in times of upheaval. MAC brought dozens of struggling organizations to the fanciest ballroom in town, where we sat through stories of hardship from non-Manitoban org leaders, and then were asked to help create this new grant and not include funding for the org in the grant. At the end of the day, we're told the grant will roll out next week. So, presumably this grant was already completed and this ""brainstorming"" was an attempt to back up what was already decided. The whole event was extremely tone-deaf, rather insulting, as the orgs from out of province have a completely different socio-economic situation than Manitobans and orgs that had gone through similar issues like MAWA were not asked to speak. Not to mention speaking of truth and reconciliation whilst having the event in the most colonial space in town. This event definitely left a sour taste in the mouths of those who MAC wants to support. ",Connected,NA,6,5,1,2,3,4,8,7,9,"More core funding. More listening to the community and to non-executive members of MAC. This is speculation, but, knowing the people working at MAC, there is no way when the ""Brainstorming Session"" was announced by leadership that everyone thought it was a good idea and being handled correctly. ","MAC knows what the orgs it supports need, and that's core funding. I know government doesn't like to fund this as it isn't flashy and doesn't help politicians get elected, but we can't keep jumping from project grant to project grant and praying that we survive the next fiscal. Also, please move away from any grant that basically exists to benefit consultants and not the organizations themselves. We know we need funding and more stable funding streams. We don't need to pay someone to tell us this. 
All this being said, I genuinely believe the MAC staff is wanting to help the orgs it funds and I know trying to do so is not easy, and I want to state that, on the whole, I think MAC is doing a great job. It's just the things like the ""Brainstorming Session"" that make people lose faith in MAC. 
I spoke to a lot of people that day and almost everyone knew that the day was going to be a waste of time. Afterwards, most people I spoke with were displeased by how their time and expertise were essentially wasted by MAC. ",Missing,Organization,R3B,104,Capital Region,Winnipeg Area
118985255412,2025-10-27,completed,No,No,Missing,MAC Program Consultant ,Missing,Consultation in all disciplines,R3B3B1,MAC exists to fund the creation and sharing of art for all Manitobans.,Confident,Excellent,Fair,Excellent,Excellent,Excellent,Excellent,Excellent,Don't know,Greater reach outside the perimeter,Very connected,NA,6,7,3,5,1,2,8,4,9,MAC will have redistributed core funding to allow more and more diverse organizations to access this; funded more rural and remote artists and organizations; helped under-served populations see themselves as an integral partner with MAC. ,NA,"Did not apply, not funded",NA,R3B,105,Capital Region,Winnipeg Area
118985254856,2025-10-27,completed,Yes,No,Individual Artist,NA,Media Arts,NA,R3G1E1,To support culture and the creation of art in Manitoba as well as supporting provincial arts and culture organizations,Very confident,Excellent,Excellent,Excellent,Good,Excellent,Good,Excellent,Excellent,NA,Very connected,NA,1,2,7,8,9,6,4,3,5,"MAC, with help from government, has created an income plan to support full-time artists, recognizing what they do as a real job, a career. Because artists are contributors to the arts and culture space of the province and recognized around the world for what they do, this approach pays for itself through arts and culture tourism.",NA,Funded,Individual,R3G,106,Capital Region,Winnipeg Area
118985254781,2025-10-27,completed,No,No,Missing,"I am a dance artist, having shifted my focus from 30 yrs in performance To that of creator/choreographer/director/producer/imagineer. I feel like I don’t fall into categories that Manito arts council identifies and I have great ideas. I would like to see materialize.. ",Theatre,NA,R2M3Z2,to support ongoing artistic practices. To aid development of new ideas from practising artists. To support artists in their personal development.,Not very confident,Good,Fair,Good,Good,Good,Good,Fair,Fair,to understand that everyone does not fit in a single box of nonprofit identity. ,Disconnected,there is much going on in the artistic community besides non-for-profit sectors and Manitoba’s council is disconnected from the rest. These are the areas where people like me risk everything in order to put up creativity. One would think that Manitoba Arts council could support such endeavors. ,1,9,5,2,6,7,3,8,4,"work to align more with policies as in Quebec. Companies like Cirque du Soleil could have never flourished without initial government support. Again, don’t isolate nor ignore those who are not non-for-profit.. Some of the greatest cultural icons have come from Winnipeg. ",Look at Quebec ,"Did not apply, not funded",NA,R2M,107,Capital Region,Winnipeg Area
118985254575,2025-10-27,completed,Yes,Yes,Individual Artist,NA,Music,NA,R3L0R1,"I think it is an Arts organization that curates government funding, connects and educates the art community, and provides opportunities for artists and art organizations to continue creating works that amplify the culturally rich and diverse voices of Manitoban artists for the benefit of all.",Very confident,Excellent,Excellent,Excellent,Excellent,Excellent,Good,Good,Excellent,Instigate a basic income. ,Very connected,NA,Missing,Missing,Missing,Missing,Missing,Missing,Missing,Missing,Missing,"If it could stay the same 10 years from now that would probably be pretty amazing, as I suspect arts funding will follow the capitalist trend of the US and the world, and not be considered as important. ","Just that they are much appreciated, and I feel grateful to have access to it. ",Funded,Individual,R3L,108,Capital Region,Winnipeg Area
118985254488,2025-10-27,partial,Yes,Yes,Arts/Cultural Organization,NA,Literary Arts,NA,R3B1H3,"To support innovative and culturally relevant programming in multiple arts for both individual artists, organizations and community groups.",Confident,Excellent,Excellent,Good,Good,Good,Good,Good,Good,We respect that funding is limited so I would focus on communication and outreach.,Connected,NA,1,3,2,5,4,6,8,7,9,NA,NA,Funded,Organization,R3B,109,Capital Region,Winnipeg Area
118984316153,2025-10-25,partial,Yes,No,Community-based Organization,NA,Theatre,NA,R0J2C0,Support all types of Arts organizations,Missing,Good,Good,Good,Good,Good,Good,Good,Good,More flexibility in setting grant deadlines.,Connected,NA,2,1,3,4,5,6,7,8,9,NA,NA,Funded,Organization,R0J,110,Westman,Outside Wpg
118984272465,2025-10-25,completed,Yes,No,Missing,we are both a arts/music and community based organization,Music,NA,R0C0W0,"to support arts and promote the arts, through funding and expertise.",Confident,Excellent,Excellent,Good,Good,Excellent,Excellent,Excellent,Missing,NA,Connected,NA,1,2,5,6,7,4,8,9,3,"Wish for MAC to continue to do what they are doing well, support and service grant admin, not extending into areas which dilute the areas of current strength. Their how to seminars (grant writing) have been very helpful.  Stats from meeting on engaging people with the arts are helpful to share with our local RM's who place minimal economic value on arts either for the community or for development of quality of life and health our youth. ",NA,Funded,NA,R0C,111,Interlake,Outside Wpg
118983943758,2025-10-25,completed,No,Yes,Individual Artist,NA,Music,NA,R2P1J7,To support Manitoba's emerging and rising artists financially and through education ,Very confident,Excellent,Excellent,Good,Good,Excellent,Don't know,Don't know,Don't know,NA,Very connected,NA,3,1,8,5,6,9,4,2,7,Allowed more musicians/visual artists seeking to make a positive impact on society to have access to support and resources. Great communication between artists yearning to make a difference ,Thank you for existing!,"Applied, not funded",Individual,R2P,112,Capital Region,Winnipeg Area
118983420353,2025-10-24,completed,No,Yes,Individual Artist,NA,Visual Arts,NA,R2J1W9,Supporting the arts in Manitoba,Very confident,Excellent,Good,Excellent,Good,Excellent,Good,Excellent,Excellent,More workshops on insider tips and tricks for grant applications. Transparency re ranking (scores) of grant applications. Micro-grants with fast turnaround times.,Connected,NA,4,2,9,5,7,3,8,1,6,"MAC partnered with other arts organizations to promote awareness of the high calibre of art here and they convinced stakeholders of the economic benefits of supporting the arts. 

MAC established a type of incubator support program that provides a few promising artists long-term (2-5 years?) support with various components to really help them rise up and also give back in supporting others in the community eventually. For example: studio access, application mentorship, networking opportunities, creation funding, and dissemination funding, all within a single program. The cohort that got to do this had so much support and now they're thriving. More is learned along the way and it becomes like a pipeline for supporting talented committed artists. 

Multifaceted support amplifies the impact. Winning grants sporadically make it hard to plan. I think a lot of visual artists lack vision/future-planning and career planning skills.

Also a ""U-Haul Art Fair"" that travels to rural communities.","How do we help artists at all levels ""level up""? Are there mentors / curators / gallerists around who can help demystify the inner workings of art industries/the art world? 

What are the pros and cons of 'representation' (for visual art sales) and are there any galleries in Winnipeg that represent artists or is everyone going to galleries in other cities? 

What other approaches are artists using to sell art, survive financially? 

What happens later in an artist's career (retirement planning, etc.)? Are there examples of artist unions that provide insurance benefits for artists? 

How have the lives of artists and artist opportunities shifted over the past 20, 40 years in MB?

I think I could go on and on. I'll stop there : )

Happy to share my name if further discussion or clarification is desired: Emilie St-Hilaire

Thank you","Applied, not funded",Individual,R2J,113,Capital Region,Winnipeg Area
118983112328,2025-10-24,completed,No,No,Arts/Cultural Organization,NA,Inter-arts,NA,R3C3J1,"To create the environment for art, culture to thrive and promoting diversity ",Very confident,Good,Fair,Excellent,Good,Fair,Good,Excellent,Good,Encourage the African community to be more involved.,Connected,NA,2,1,4,5,6,7,8,3,9,NA,NA,"Did not apply, not funded",Organization,R3C,114,Capital Region,Winnipeg Area
118982856555,2025-10-23,partial,Yes,No,Arts/Cultural Organization,NA,Music,NA,R3B1K7,NA,Missing,Missing,Missing,Missing,Missing,Missing,Missing,Missing,Missing,NA,Missing,NA,Missing,Missing,Missing,Missing,Missing,Missing,Missing,Missing,Missing,NA,NA,Funded,Organization,R3B,115,Capital Region,Winnipeg Area
118982769318,2025-10-23,completed,Yes,Yes,Individual Artist,NA,Media Arts,NA,R3G1X8,To support artists and organizations in artistic activities.,Not very confident,Fair,Poor,Good,Poor,Poor,Poor,Poor,Poor,To review applications and point out any technicalities to applicants in time for revisions. Applications take many hours of unpaid labour to complete and to have an application be called ineligible is extremely frustrating.,Disconnected,Artists want more funding for individual projects. Over the years MAC has put more funds towards education and community projects. The funding should be open for artists to decide whether or not they do community projects. The fact is that now they have to do all of these other activites in order to make a living. Under individual media artists the amount has significantly decreased making it impossible to complete projects. Everything I have been awarded it has never been granted the full amount.  The amount of funding available should be transparent at the application process. By under funding projects MAC is setting up the artist to fail.   ,1,2,5,6,7,4,9,3,8,I would love to see the artists in the community receiving adequate funding to create their projects. There is currently too much defending going into organizations that do not serve the community yet have paid staff to write their applications.  All of the artists are doing this work for free and the amounts they are eligible continues to decrease. If MAC puts the money directly into the artists and their projects that will in turn serve the community. As these artists will have more success they will be able to give back to the community with more flexibility. ,There needs to be more funding for film and media projects simply because they cost more. It is very different than an artist working alone in different mediums. Film requires a crew and benifits more than one person. The posted amounts for individuals should be posted as what is actually available.  When local organizations are receiving the majority of the MAC budget when they are not supporting local artists. They generally pay artist fess to out of province artists and are barley even open to the general public.,Funded,Individual,R3G,116,Capital Region,Winnipeg Area
118982677764,2025-10-23,completed,Yes,Yes,Arts/Cultural Organization,NA,Craft,NA,R3C2A3,To fund and support Manitoba's arts and culture sector through grants.,Very confident,Excellent,Good,Excellent,Good,Excellent,Good,Good,Don't know,"More funding, obviously. The ability to keep up with inflation and rising CARFAC rates. Would love to see an initiative similar to CARFAC that would ensure liveable wages and benefits for arts and culture workers. More funding parity between arts organizations of similar size and programming output.",Very connected,NA,3,1,6,5,7,4,9,8,2,MAC has access to funding that reflects inflation - operating funds to orgs increases with cost of living. MAC has developed standards around remuneration of cultural workers similar to CARFAC.,"MAC is the most accessible and helpful of the arts funders we deal with, and we love them. They make themselves a  resource to the community and are on our side.",Funded,Organization,R3C,117,Capital Region,Winnipeg Area
118982671061,2025-10-23,completed,No,No,Missing,Volunteer ,Visual Arts,NA,R3L2K1,Give money to artists,Confident,Excellent,Good,Fair,Good,Good,Fair,Good,Don't know,More money,Connected,NA,1,2,3,7,6,5,8,9,4,More money,More money ,"Did not apply, not funded",NA,R3L,118,Capital Region,Winnipeg Area
118982461478,2025-10-23,completed,No,Yes,Indigenous Knowledge Keeper,NA,Theatre,NA,R2J1Y8,To help artists achieve their goals through financial aid or education or personal development. ,Not at all confident,Poor,Poor,Poor,Poor,Poor,Fair,Poor,Poor,"I have applied to WAC and MAC for over a decade and received absolutely nothing. No feedback , no guidance, no direction. Nothing ",Very disconnected,I am a Metis woman that has worked at the bottom on various organizations that promote creativity and development for Theatre Arts and youth and your administration has never acknowledged or offered me any assistance in developing marginalized indigenous youth in any way. I have been with the same organization for 14 years in the thick it without one cent from your people to develop my skills and our youth. ,4,1,2,3,6,5,7,8,9,You will uphold your standard. You forgot about all us front of the line real starving artists a long time ago. Shame. ,You will do what you do. You always have. The intermediate artists will take everything and you will leave us with nothing. ,"Applied, not funded",Individual,R2J,119,Capital Region,Winnipeg Area
118982092012,2025-10-22,completed,No,Yes,Individual Artist,NA,Inter-arts,NA,R3L0L9,"Public funder - peer assessed 
Public advocate for art as a social asset ",Confident,Excellent,Excellent,Fair,Fair,Fair,Fair,Poor,Poor,"Support art and artists above all other things.
Trust that the art sector knows itself.
Convey an art summit to get us all on the same page to tackle todays issues. No need for consultants. Same as you believe in peer assesments for grants, believe in peer to peer conversations for arts sector analysis and planning. ",Disconnected,"Art consultation that feel more colonial in approach than decolonized. 
Province moving to being bilingual province - yet MAC holds all its events absent this reality. 
Silent on the need for operating funds as to make up for forty years of inflation that has not been met by operating grants. 
Flexibility vs rigidity in order to collect stats. Arts isn't just about stats. We are NOT a capitalist venture. ",1,2,3,4,5,6,7,8,9,Quesiton no.12 does NOT align with what is needed today and how we build the next 10 years. None of those priorities align with what the art sector needs. HR crisis. cultural space capital deficits. Paid labour gaps between artists and other professionals. Decolonization. Bilingualisation. ,"Solutions don't come from consultants or 'shared' admin.
The de-bureaucratization and de-conolnization of systems will get us much further and strengthen the relationship between art and community. ","Applied, not funded",Individual,R3L,120,Capital Region,Winnipeg Area
118982045209,2025-10-22,completed,Yes,Yes,Arts/Cultural Organization,NA,Craft,NA,R3B1T2,"To fund the arts, through grants to artists and arts organizations, to advocate for the value of the arts, and as a liaison to government. ",Confident,Excellent,Fair,Good,Good,Good,Good,Fair,Don't know,Get more dollars so more grants can be awarded. I've been turned down many times with merit.  ,Connected,NA,1,5,8,6,7,3,9,4,2,"MAC has:
- Successfully advocated for significantly more funds.
- Government truly appreciates the value of the arts and supports it through dollars. 
- The Heritage Community is more included in the ""arts"" as the past, the memories and the history of the arts is essential for the contemporary practice of the arts. ",NA,Funded,Organization,R3B,121,Capital Region,Winnipeg Area
118982001907,2025-10-22,completed,Yes,No,Community-based Organization,NA,Missing,social service with cultural programming,R3G0R8,"To provide funding support for Manitoba artists of all genres, musicians, arts organizations and community organizations who have artistic programming.",Very confident,Excellent,Excellent,Good,Good,Excellent,Good,Don't know,Don't know,NA,Very connected,NA,1,2,4,5,6,7,9,3,8,More of the same but they were able to increase their funding base through diversification which resulted in more artists receiving funding for artistic projects. They were also able to increase their Indigenous programming dollars.,MAC is an important organization for Manitoba Artists. Find ways to increase your funding base to expand your output and reach.,Funded,Organization,R3G,122,Capital Region,Winnipeg Area
118981971677,2025-10-22,completed,Yes,Yes,Arts/Cultural Organization,NA,Music,NA,R0E1A0,Promote artistic endeavours in Manitoba,Confident,Good,Fair,Good,Poor,Excellent,Poor,Poor,Missing,"Quicker turnaround for grant notification for small grants.  For small organizations, it is critical to have the answers soon after applying to ensure we can deliver the project. ",Disconnected,"It is admirable to have large objective/vision statements, however, it is not always possible for small projects to address these large statements.  Be more flexible - especially when dealing with small or rural organizations entirely run by volunteers.   ",1,2,5,7,6,8,9,4,3,"Meet/communicate with arts organizations - come and see us, our projects and our community.  MAC has offices in Winnipeg AND four (or more) regions of the Province - North, Eastman, Westman.","The perception in rural Manitoba is that MAC is a very Winnipeg-based organization.  You need a presence in each area of the Province, not just Winnipeg. ",Funded,Organization,R0E,123,Eastman,Outside Wpg
118981810855,2025-10-22,completed,Yes,Yes,Individual Artist,NA,Visual Arts,NA,R7A3K2,To assist in funding arts and culture in Manitoba.,Confident,Fair,Fair,Fair,Fair,Good,Fair,Fair,Fair,not sure,Connected,NA,9,1,2,3,4,5,6,7,8,I would say more of the same.,No...,Funded,Individual,R7A,124,Westman,Outside Wpg
118981804568,2025-10-22,completed,Yes,Don't know,Arts/Cultural Organization,NA,Visual Arts,NA,R3B1T2,To fund artists so they can create work. To fund organizations so they can serve artists and the community at large,Confident,Excellent,Excellent,Fair,Excellent,Excellent,Excellent,Excellent,Don't know,Have more granting deadlines through out the year. Have more opportunities for artists to apply for unexpected studio and living expenses. ,Connected,NA,1,2,8,6,7,4,3,5,9,They have provided more artists with fair living expenses so they can create art. ,NA,Missing,Organization,R3B,125,Capital Region,Winnipeg Area
118981719743,2025-10-22,completed,Yes,Yes,Arts/Cultural Organization,NA,Missing,we do equally visual arts and performing arts (90% music),R3B1L4,"The goal should be to ensure that all Manitobans have access to the arts. However, current funding is heavily weighted toward supporting the arts in Winnipeg. This imbalance has been longstanding and needs to be corrected. There are many rural and northern communities that lack access to the arts, and addressing this gap should be a key focus moving forward.",Not very confident,Good,Good,Good,Don't know,Good,Good,Good,Don't know,"We need to restore balance and increase arts funding for rural and northern Manitoba. Funding should be more reflective of the population—at least 40% of Manitobans live in rural areas. This doesn’t even include artists working in schools.

Winnipeg has the Winnipeg Arts Council (WAC), which provides additional funding for the arts, but rural and northern regions rely solely on the Manitoba Arts Council (MAC) as their core funder. When responsibility for arts funding was transferred from the province to MAC, rural funding actually decreased because new limits were introduced that prevented many rural organizations from applying for project grants.

$30,000 doesn’t even cover the cost of one staff position—it’s an abysmal level of support.",Disconnected,"MAC is more connected to Winnipeg artists, but there is a clear disconnect when it comes to rural and northern arts and their unique needs to thrive. The arts in these regions operate on an entirely different level, with distinct challenges and contexts that require more tailored support. ",1,5,2,3,4,8,9,7,6,"Ten years from now, the arts will be thriving in every rural and northern community across Manitoba. Municipalities will recognize the social and economic impact of the arts and will be actively investing in them, creating more vibrant, connected, and engaged communities.

This progress will be the direct result of MAC’s commitment to increased investment in rural and northern arts and its success in securing matching funding to amplify that impact.

A province-wide school touring program will bring performing arts to students throughout Manitoba, inspiring creativity and nurturing the next generation of artists and audiences.

Manitobans of all ages will participate in and experience the arts as a natural and essential part of everyday life—because the arts will truly belong to everyone, everywhere.","The current system is unsustainable and lopsided, with most funding, infrastructure, and opportunities concentrated in Winnipeg. Meanwhile, rural and Northern communities—home to approximately 40% of Manitoba’s population—remain under-resourced, underserved, and often excluded from decision-making and investment.

There are at least 14 long-standing, volunteer-driven arts organizations operating in rural Manitoba today. Many have served their communities for decades, but are now nearing burnout. Without renewed investment and structural support, these organizations—and the ecosystems they anchor—risk disappearing altogether. If we don’t strengthen rural arts staffing and infrastructure now, it will recede rapidly, and the cultural gap between urban and rural Manitoba will only widen.
 
This is not about potential—it’s about what’s already proven possible. There are currently four NHL players who were born and raised in rural Manitoba. That’s possible because nearly every rural municipality has a hockey rink. Now imagine what the arts could look like if every rural community had access to an arts centre and vibrant arts programming.
 
These challenges point to the need for equity-focused funding. Rural and Northern organizations often lack the administrative capacity to compete with large, urban institutions, and without a new approach, future funding risks reinforcing privilege and systemic barriers rather than reducing them.
 
To address these issues holistically, I strongly recommend that the Manitoba Arts Council and the Winnipeg Foundation commission a province-wide arts ecosystem review. This review should guide not only the design of this new grant program but also inform long-term planning across the sector.
 
Below are six core recommendations that support this vision.
 
1. Commission a Provincial Arts Ecosystem Review
Hire an independent consultant to assess the health of Manitoba’s arts and culture ecosystem and provide actionable recommendations. The review should include:
Identifying opportunities for collaboration, amalgamation, or shared services
Evaluating the capacity and utilization of existing venues and touring networks
Mapping regional disparities and barriers to participation
Proposing a strategic framework for funding distribution
The resulting report could serve as a guiding document for both funders and policymakers, including the development of an updated provincial Cultural Plan. Organizations like the Manitoba Benefactors for the Arts may be interested in supporting this initiative.

2. Fund Sustainability, Not Expansion Alone
The goal of this new program must be to foster a sustainable and inclusive arts ecosystem, not just to fund more activity or capital projects. Manitoba’s current model is top-heavy, and rural and Northern communities have significant untapped potential that will remain unrealized without targeted investment.

3. Prioritize Equity in Funding Distribution
Equity requires more than an open call. I recommend that 40% of the program’s total funding be earmarked for rural, Northern, and Indigenous-led organizations. This formula should be applied consistently by both MAC and the Winnipeg Foundation, recognizing the demographic and geographic realities of the province.

4. Avoid Overconcentration in Winnipeg
Winnipeg’s arts sector is already saturated with organizations, venues, and existing funding streams. Future funds should prioritize diverse voices and geographic inclusion, not duplicate services in already well-resourced areas.

5. Prevent Fragmentation and Support Impact
The current proliferation of small, niche organizations—each competing for limited resources—is weakening the ecosystem. Funding should encourage collaboration and shared infrastructure to maximize collective impact and reduce duplication.

6. Learn from Other Sector Models
Sectors such as Sport Manitoba offer effective frameworks for regional investment, sustainability, and oversight. The arts sector could benefit from adopting similar checks and balances, ensuring long-term viability and fairness across Manitoba.
 ",Funded,Organization,R3B,126,Capital Region,Winnipeg Area
118981636320,2025-10-22,completed,No,Yes,Individual Artist,NA,Visual Arts,NA,R1N3Z7,To support the development of artists and art communities. ,Confident,Excellent,Excellent,Excellent,Good,Excellent,Fair,Poor,Fair,Less bias. Cultural issues are not fully addressed. Eg climate change. The focus is on indigenous or lgbtq. There is more to life than that. The focus is too narrow. ,Connected,NA,3,4,6,7,5,8,9,1,2,"MAC has supported the development of artists, students, young artists and seniors. ",Less focus on social issues and more on fine quality art and experimentation. ,"Applied, not funded",Individual,R1N,127,Central Plains,Outside Wpg
118981597211,2025-10-22,completed,No,No,Individual Artist,NA,Visual Arts,NA,R3V1T7,Help promote arts in Manitoba. ,Confident,Excellent,Excellent,Good,Good,Good,Good,Good,Don't know,Not sure,Connected,NA,5,8,2,3,4,1,9,7,6,Raised the profile of artists and the appreciation for the skills within the community. ,MAC plays an important role. ,"Did not apply, not funded",Individual,R3V,128,Capital Region,Winnipeg Area
118981315262,2025-10-22,completed,Yes,Yes,Collective / Group of Artists,NA,Music,NA,R3R1K9,support for Manitoba artists,Confident,Good,Good,Good,Fair,Excellent,Excellent,Excellent,Good,assistance with online promotion,Connected,NA,2,3,4,5,6,7,8,9,1,Insightful planning to support current initiatives and new ideas with merit. Helped to develop audiences.,The grant my organisation received has been most helpful in the early stages of this project. ,Funded,Organization,R3R,129,Capital Region,Winnipeg Area
118981287260,2025-10-22,completed,Yes,Yes,Arts/Cultural Organization,NA,Music,NA,R3B1C3,Funding art-making and art presentation,Not very confident,Poor,Poor,Excellent,Poor,Fair,Fair,Poor,Poor,Better understand and respect the impact of larger organizations. They are changing far more lives for the dollar than the small ones combined. ,Disconnected,"Organizations such as the RWB, Folk Festival, MTC, WSO, Franco MB Cultural Centre, etc all reach so many people and have such substantial impact, that they have become undervalued by funders who are always seeking to fund small new startup organizations, which ultimately thins out and weakens our artistic pool, rather than strengthening and emboldening the organizations that are already doing things excellently.",3,9,4,2,1,5,8,6,7,"Champion and pursue excellence. It cannot be understated how important this is. Real-world opportunities for artists are created by being excellent, and by connecting meaningfully with audiences at scale. 

Support established organizations who are looking to level-up.

Work with established organizations to build capacity to undertake the projects / efforts you would recently otherwise be funding new small organizations for.

University arts/music professors are often quite disconnected from the real world of selling tickets and building audiences. They should not be relied on as jury members. Jury members should be active and in the field.","In MAC's 2024-26 Strategic Priorities document there are six pages on diversity, equity and inclusion. We are not at all discounting the importance of these efforts, but we are concerned with an imbalance in how MAC sees art-making and artists and what moves audiences.

Because the words innovation or merit or excellence or ingenuity do not appear once - only the whoppingly benign ""MAC values the original expression of ideas in our work and the work we fund."" ",Funded,Organization,R3B,130,Capital Region,Winnipeg Area
118981280001,2025-10-22,completed,No,Yes,Individual Artist,NA,Visual Arts,NA,R3C2E7,Disburse funds from requests,Not very confident,Poor,Poor,Poor,Poor,Good,Don't know,Poor,Poor,Do not discriminate against some by prioritizing others.  I WAS TOLD BY YOU PEOPLE THAT IF I WERE AN “INDIGENOUS” DISABLED PERSON I WOULD BE AWARDED FUNDING.  DISGUSTING! Is it because your ED WAS A BALLET DANCER AND HE IS PREJUDICED AGAINST THE MOBILITY IMPAIRED? ,Very disconnected,You have your woke agenda so you want to put your effort and assets in that direction primarily.  This amounts to DISCRIMINATION against artists that are not part of your woke agenda.  Disability always comes last.  You recieve taxpayer funds so you need to serve ALL… not just the gendered and racialized in other words.  It’s so obvious.  ,2,3,4,9,6,7,8,1,5,"Why is financial training on the previous list? Your job is to support artists creative output, not teach them life skills.  I hope you are not spending money to teach some artists life skills while denying opportunities to other people simply to create their art!! Both my mother and I have been rejected for residencies.  You are not a community college for certain vulnerable groups that you have decided to take a priority interest in.  Art transcends.  Come to think of it, DISABILITY transcends too You people need to stop focussing on genderized and racialized and understand that art belongs to everyone.   It’s about art.  Not certain groups of people.  ",Be fair.  Focus on the art not your woke agenda.  Don’t use the application process to filter out applicants.  It’s WAY too complicated. I sat with someone to do mine and I think she made my proposal so expensive (I’m disabled) that I clearly got rejected probably due to the size of the “ask”.   I didn’t need 10 K! I’ve been on at least 5 residencies and none of them were as complicated to apply for.  But maybe it keeps you people busy?,"Applied, not funded",Individual,R3C,131,Capital Region,Winnipeg Area
118981218166,2025-10-22,completed,Yes,No,Community-based Organization,NA,Inter-arts,NA,R5G0T7,"Funding agency, promoting Manitoba arts organization and professional artists",Very confident,Excellent,Excellent,Excellent,Excellent,Excellent,Good,Good,Good,Find ways to Support growth and innovation. ,Connected,NA,5,1,2,3,4,7,8,6,9,Find ways to support the strategic successes on supported organizations in order to encourage growing impact. ,Thanks for all you do!,Funded,Organization,R5G,132,Eastman,Outside Wpg
118981186200,2025-10-21,completed,No,No,Individual Artist,NA,Visual Arts,NA,R3M0A4,To help fund arts initiatives in MB.,Confident,Good,Good,Good,Good,Good,Good,Don't know,Don't know,NA,Connected,NA,1,2,3,4,7,5,6,8,9,Got back involved with supporting artists in schools ,NA,"Did not apply, not funded",Individual,R3M,133,Capital Region,Winnipeg Area
118981142830,2025-10-21,completed,Yes,Don't know,Missing,Organisme Autochtone,Missing,Arts traditionnels autochtone multidisciplnaires,R2H0G7,Forte,Confident,Excellent,Excellent,Excellent,Excellent,Excellent,Excellent,Excellent,Excellent,Décoloniser le language d'avantage et adopter plus de perspectives autochtones dans l'offre ,Very connected,NA,1,3,8,5,6,7,9,2,4,Les communautés Autochtones sont mieux représentées,NA,Missing,NA,R2H,134,Capital Region,Winnipeg Area
118981097202,2025-10-21,completed,No,No,Individual Artist,NA,Music,NA,R0J1E0,To support the arts in Manitoba by assisting artists in navigating the local industry in any capacity possible.,Very confident,Good,Good,Good,Good,Good,Good,Good,Good,More information to smaller communities ,Connected,NA,7,5,6,8,1,9,4,2,3,"Ten years from now, MAC has significantly expanded its impact by reaching beyond urban centers and meaningfully connecting with smaller and rural communities across Manitoba. Through dedicated outreach, they have fostered growth in the arts sector province-wide, ensuring that opportunities, resources, and support are accessible to all Manitobans—not just those in major cities. MAC has also played a key role in standardizing and simplifying access to arts-related information, making it easier for artists and organizations to navigate the industry. This has led to a more connected, inclusive, and thriving arts and cultural ecosystem throughout the province.",NA,"Did not apply, not funded",Individual,R0J,135,Westman,Outside Wpg
118981077078,2025-10-21,completed,Yes,Yes,Individual Artist,NA,Music,NA,R3C3T9,Disburse MB provincial government funding to artists through a peer-reviewed granting program,Confident,Excellent,Fair,Excellent,Good,Excellent,Good,Fair,Don't know,"more workshops for artists, especially nuances that go into strengthening a grant application - I learned so much more about writing a successful grant once I started evaluating as an assessor!",Connected,NA,8,9,2,1,3,5,6,4,7,NA,NA,Funded,Individual,R3C,136,Capital Region,Winnipeg Area
118981053144,2025-10-21,completed,Yes,Yes,Missing,Indigenous artist and knowledge keeper,Missing,Traditional arts,R5J0A6,NA,Confident,Good,Good,Fair,Fair,Fair,Fair,Don't know,Don't know,More transparency in how the final decision is made for approving or denying grant applications ,Connected,NA,3,4,6,1,7,2,9,8,5,NA,NA,Funded,NA,R5J,137,Eastman,Outside Wpg
118981036032,2025-10-21,partial,No,No,Community-based Organization,NA,Inter-arts,NA,R3B1B7,NA,Missing,Missing,Missing,Missing,Missing,Missing,Missing,Missing,Missing,NA,Missing,NA,Missing,Missing,Missing,Missing,Missing,Missing,Missing,Missing,Missing,NA,NA,"Did not apply, not funded",Organization,R3B,138,Capital Region,Winnipeg Area
118981026126,2025-10-21,partial,No,Yes,Individual Artist,NA,Craft,NA,R1A4J8,NA,Missing,Missing,Missing,Missing,Missing,Missing,Missing,Missing,Missing,NA,Missing,NA,Missing,Missing,Missing,Missing,Missing,Missing,Missing,Missing,Missing,NA,NA,"Applied, not funded",Individual,R1A,139,Interlake,Outside Wpg
118980948586,2025-10-21,completed,Yes,Yes,Community-based Organization,NA,Visual Arts,NA,R3B1A2,To provide support and funding to Manitoba's arts and culture sector through individuals and organizations.,Confident,Excellent,Excellent,Excellent,Excellent,Excellent,Excellent,Good,Excellent,increase funding to the support grant,Connected,NA,2,4,7,9,1,8,6,3,5,MAC has supported steady wage/fee increases for staff and artists by increasing funding. They also trust organizations enough to provide more flexibility on how organizations/individuals choose to spend their funding.  ,"Trust based philanthropy is amazing. I know that's a tough ask for governments but it can make a world of difference and should be apart of the conversation.

Advocate for a percent-for-art model on new construction projects to further investment in the arts, maybe even providing developers the option to contribute a percentage to a central art fund instead of commissioning on-site art.  ",Funded,Organization,R3B,140,Capital Region,Winnipeg Area
118980948517,2025-10-21,completed,Yes,Yes,Individual Artist,NA,Visual Arts,NA,R3P0J9,To support artists in Manitoba and advocate for the arts.,Confident,Excellent,Excellent,Excellent,Excellent,Excellent,Excellent,Don't know,Don't know,Advocate even harder for funding from the provincial and federal governments. ,Very connected,NA,1,2,3,5,4,6,7,8,9,Secured more money and therefore gave out more grants ,Consult with artists in person to find out the realities of their artistic lives. Work with other non profits in the arts to share solutions—don’t take on what other orgs have already done. Consult with artists at all career levels. Consult with the university art departments and the galleries.,Funded,Individual,R3P,141,Capital Region,Winnipeg Area
118980941751,2025-10-21,completed,No,No,Individual Artist,NA,Visual Arts,NA,R0E0N0,"To support and develop the arts, arts organizations, and artists in Manitoba; to support the arts in a way that reflects, deepens and develops Manitoba culture; to build local, national and international connections and audiences.",Not very confident,Excellent,Excellent,Excellent,Good,Excellent,Good,Fair,Don't know,"Reaching out to young, developing, or outsider, or rural artists, who may not be otherwise included in accepted definitions of Artist.
Encouraging work that confronts current issues; eg., a call for artworks on topics such as climate crisis, or MMIW.",Disconnected,"There is a tier of artists who are not eligible for grants under the current model, but who could benefit from development funding and mentorship. ",7,5,4,6,3,2,8,1,9,MAC has used Manitoba Music as a template for promoting artists and providing resources to artists.,"Bringing arts and artists into schools is an important part of the program, to develop young artists and build art audiences, as well as an appreciation for the arts in the larger school communities/ neighbourhoods.","Did not apply, not funded",Individual,R0E,142,Interlake,Outside Wpg
118980865813,2025-10-21,partial,No,No,Collective / Group of Artists,NA,Dance,NA,R3J1Z8,NA,Missing,Missing,Missing,Missing,Missing,Missing,Missing,Missing,Missing,NA,Missing,NA,Missing,Missing,Missing,Missing,Missing,Missing,Missing,Missing,Missing,NA,NA,"Did not apply, not funded",Organization,R3J,143,Capital Region,Winnipeg Area
118980860500,2025-10-21,completed,Yes,Yes,Missing,"individual artist, art education (post-secondary and community), collective, mentor",Missing,"as an individual artist my primary practice is visual, as part of a collaborative it is media arts",R7A3C1,To support the development and production of the arts in Manitoba,Confident,Excellent,Excellent,Excellent,Excellent,Excellent,Fair,Excellent,Excellent,I would like to see some tweaking of the artist in the community program but that is a longer conversation.  Everything else I can think of would require a budget increase for MAC. I would like to see more support for older artists or programming directed toward senior professional artists.,Connected,NA,1,5,7,8,2,3,9,6,4,"They have developed a system to ensure solid supports for professional artists living outside of Winnipeg to exhibit/showcase their work, reach a wider audience, and connect with - in the case of visual artists - professional curators, writers, etc. There is more support for artists who are more established but are not connected with a post-secondary institution and are doing work that is more related to research then sales.","MAC is a very valuable resource for the artistic community. The staff is well informed, supportive and provides excellent constructive criticism. ",Funded,NA,R7A,144,Westman,Outside Wpg
118980827452,2025-10-21,completed,Yes,No,Arts/Cultural Organization,NA,Theatre,NA,R3C4X1,MAC is an arm's length provincial funder that supports the creation and dissemination of arts and cultural experiences throughout Manitoba.,Confident,Good,Good,Fair,Fair,Good,Fair,Poor,Fair,Simplify application and reporting processes.,Connected,NA,1,2,4,6,5,8,9,7,3,"MAC has led and supported public awareness campaigns that make Manitobans proud of the Arts and Culture created in our province. As a result, the public engages with Arts and Culture on a regular and profound level. ","The two Strategic Priorities in the 2024-2026 plan are Equity Diversity and Inclusion, and Environmental Sustainability. Those are very important priorities, but it's hard to see how they will advance the vision of ""A Manitoba where arts and culture is at the heart of community life"" when MAC's own priorities do not overtly centre arts and culture at heart of community life. We need MAC to be a public and vocal champion for the value of arts and culture in community. ",Funded,Organization,R3C,145,Capital Region,Winnipeg Area
118980793613,2025-10-21,completed,Yes,No,Arts/Cultural Organization,NA,Theatre,NA,R3L0C3,To advocate and support the artists and arts organizations in Manitoba.,Very confident,Excellent,Excellent,Excellent,Excellent,Excellent,Excellent,Excellent,Excellent,Continue with advocating more financial support to the arts organizations that have not rebounded back to 2019 attendance numbers for events.,Very connected,NA,1,2,4,5,3,7,9,6,8,Increased Operation funding.,NA,Funded,Organization,R3L,146,Capital Region,Winnipeg Area
118980787411,2025-10-21,partial,Yes,No,Arts/Cultural Organization,NA,Visual Arts,NA,R0M2C0,NA,Missing,Missing,Missing,Missing,Missing,Missing,Missing,Missing,Missing,NA,Missing,NA,Missing,Missing,Missing,Missing,Missing,Missing,Missing,Missing,Missing,NA,NA,Funded,Organization,R0M,147,Westman,Outside Wpg
118980779522,2025-10-21,completed,No,Yes,Individual Artist,NA,Media Arts,NA,R3T1M9,"To encourage and to support the creative arts for Manitobans. 

",Confident,Good,Fair,Good,Poor,Good,Good,Poor,Poor,"Make room for everyone - 

I can tell you this much - this is not a 10 min survey. There is so much I could say here. But to write a cohesive and coherent and useful bit of comment would take me 30 min. And what is the take away? What do you care? 
This is only veneer and I feel a waste of anyone's time. Anyway I just finished deleting most of what I wrote in the above panel. 
And to ask about connected? I m not connected to MAC. 40 years doing what I do in this province. What is MAC doing for me? In the past I have received grants. Typically the grants are enough to begin and not enough to complete. I end up out of pocket by 20 to 30,000 to complete these projects. Grants have been so very helpful when I have received them - allowing for projects I have been longing to make. But other than getting or not getting a grant. I do not feel connected with MAC. Happy they are there absolutely. Happy too that someone is getting that funding from MAC - ",Disconnected,I just did ,1,2,3,4,5,6,7,8,9,"Wow ...
How much am I being paid to do this? 
Oh right I forgot...I work in the arts. 
I do this shit for free cuz I'm 'Invested'or maybe for a donut.  Right. 
Oh and thank you for the donut.

AGAIN - NOT A 10 MINUTE SURVEY !","How much money actually makes it INTO THE POCKETS OF THOSE MAKING ART? 
OUT of the budget for MAC - HOW MUCH IS ADMIN and HOW MUCH FOR ARTISTS? 

We are not arts admin. 
Which is how much in this country?! All these arts organizations !!!
Federal & provincial. So much money!
Wanna be artists living on a good wage (with benefits!) Administrating THE FUNDING for the wannabe wanker artists. Why don't we all become administrators? Administrating arts!!! That's where its at!
So what about the artist. Hey you down there - sorry about the funding - things are tight. Here's a donut. 

","Applied, not funded",Individual,R3T,148,Capital Region,Winnipeg Area
118980764215,2025-10-21,partial,No,No,Individual Artist,NA,Dance,NA,R3L0H4,NA,Missing,Missing,Missing,Missing,Missing,Missing,Missing,Missing,Missing,NA,Missing,NA,Missing,Missing,Missing,Missing,Missing,Missing,Missing,Missing,Missing,NA,NA,"Did not apply, not funded",Individual,R3L,149,Capital Region,Winnipeg Area
118980759625,2025-10-21,completed,Yes,Yes,Arts/Cultural Organization,NA,Missing,I work at an arts organization that supports all artistic mediums,R3B1T2,"I believe MAC's purpose is to fund the arts and to be leader in the arts which includes modelling best practices, ensuring diverse representations in the arts and listening to artists and arts organizations to learn the ways to better support the arts community.",Very confident,Excellent,Excellent,Good,Excellent,Excellent,Good,Excellent,Good,"MAC has done an exceptional job in supporting the arts and cultural community. Anytime that I have reached out to staff about concerns (mainly accessibility concerns as that is my field of practice) they have been very responsive and actively take steps to address the issue. In fact I have often spoken to other art funders such as the Canada Council for the Arts, about how responsive MAC is and have used MAC as a model that other Arts Funders should look to as an example.

",Very connected,NA,3,5,7,8,9,1,6,2,4,I imagine that MAC will continue to listen to artists and arts workers to learn how to best support them and continue to do the excellent job they are doing,NA,Funded,Organization,R3B,150,Capital Region,Winnipeg Area
118980742128,2025-10-21,completed,No,Yes,Individual Artist,NA,Literary Arts,NA,R3L0V9,"To support the creation, and dissemination/performance of art within Manitoba.",Confident,Good,Fair,Fair,Fair,Good,Fair,Good,Don't know,It would be great if MAC could support even more projects.,Connected,NA,1,2,3,4,5,7,6,8,9,NA,NA,"Applied, not funded",Individual,R3L,151,Capital Region,Winnipeg Area
118980739098,2025-10-21,partial,Missing,Missing,Missing,NA,Missing,NA,R3C0X7,Help artists,Not at all confident,Poor,Poor,Fair,Poor,Poor,Poor,Poor,Poor,Truly inclusive ,Disconnected,MAC is an entity upon itself,1,2,3,4,5,6,7,8,9,NA,NA,Missing,NA,R3C,152,Capital Region,Winnipeg Area
118980736916,2025-10-21,completed,Yes,No,Individual Artist,NA,Theatre,NA,R3B3J9,"Support Manitoba artists as they grow their craft
support Manitoba production
support projects that speak to/challenge Manitobans",Confident,Excellent,Good,Good,Fair,Good,Good,Don't know,Don't know,support those not computer savvy - i found submitting stuff on Excel extremely stressful. Should i have to learn a whole new computer program to submit a grant application?,Connected,NA,8,4,5,6,7,1,3,2,9,"streamlined the unweildy application process
supported more emerging/new artists
supported the creation and maintenance of an Indig theatre company","While i understand many racialized folks have been and continue to be under-represented, i did feel like boxes had to be ticked to receive a grant. Is the grant-writing process in itself a barrier - particularly to emerging artists and racialized, under-represented artists? Should a grant application take more creative energy than the project being applied for?",Funded,Individual,R3B,153,Capital Region,Winnipeg Area
118980720882,2025-10-21,completed,No,Yes,Arts/Cultural Organization,NA,Music,NA,R3M0G2,To support the creation and presentation of artistic practices in Manitoba and by Manitobans outside of Manitoba. ,Confident,Excellent,Good,Good,Fair,Excellent,Fair,Poor,Don't know,Feedback on declined applications that would help them either move toward acceptance int he future or know that they are not strgon projects to avoid the time in applying again. ,Connected,NA,1,2,7,8,6,3,9,5,4,"Supported programs that elevate to national and global markets, Manitoba as a leader in all artists and culture areas by supporting projects that highlight unique projects and people of Manitoba. ",Recognize that supporting national organizations that are based in MB have a unique capacity to support the elevation of Manitoba's cultural product and community. ,"Applied, not funded",Organization,R3M,154,Capital Region,Winnipeg Area
118980654066,2025-10-21,completed,Yes,Yes,Community-based Organization,NA,Literary Arts,NA,R3B1H3,To support the arts community in Manitoba,Confident,Excellent,Excellent,Excellent,Fair,Excellent,Excellent,Excellent,Don't know,Spend a little time in the organizations to get a better sense of progress as an organization and to build good working relationships with these key individuals in these organizations.,Connected,NA,1,4,2,5,3,9,8,6,7,Multi-year funding would be an important improvement. Currently we are volunteer only and this is likely to continue. Without multi-year sustaining capital. Who would want to commit to an Executive Director type position.,Our organization was on its knees when I got involved with the MWG seven years ago. This was due to internal mismanagement. Correctly we could not be trusted with grant money at that stage. I have to say this organization has felt supported as we have re-built the organization as funding from MAC has gradually improved. Staying closer to all the organizations you fund I think it critical to ensure your funds are not miss-spent and improvement in management and organizational performance is recognized.,Funded,Organization,R3B,155,Capital Region,Winnipeg Area
118980639366,2025-10-21,completed,Yes,No,Individual Artist,NA,Visual Arts,NA,R0A1E0,They are fantastic ,Confident,Excellent,Good,Excellent,Fair,Excellent,Good,Good,Good,"Understanding more cultures around the world,",Connected,NA,1,6,5,7,8,3,4,2,9,NA,NA,Funded,Individual,R0A,156,Eastman,Outside Wpg
118980615296,2025-10-21,partial,No,No,Missing,Destination Development and Marketing (Tourism),Missing,tourism,R3C4T7,Crown Corp of the Gov't that provides funding to artists and arts organizations,Confident,Don't know,Good,Don't know,Don't know,Excellent,Don't know,Don't know,Don't know,NA,Connected,NA,1,3,8,7,9,5,6,4,2,NA,NA,"Did not apply, not funded",NA,R3C,157,Capital Region,Winnipeg Area
118980577420,2025-10-21,completed,Yes,Don't know,Arts/Cultural Organization,NA,Visual Arts,NA,R7A0K9,To disburse government funding for arts and cultural organizations in Manitoba.,Confident,Excellent,Excellent,Don't know,Good,Don't know,Don't know,Don't know,Don't know,"We need a larger pie. I worked for the WSO, and they had not had an increase in their grant for  years, while their costs continued to go up.  Now I'm on the board of the AGSM and I believe we had our funding cut back. This is disabling for organizations that are fundamental to the arts and culture of our province.",Connected,NA,5,4,6,8,7,2,9,3,1,"They have convinced the province to provide more support for the arts thereby ensuring that our arts organizations are not struggling by the skin of their teeth, staff are adequately compensated in the arts, and it's a feasible career to be an artist or musician.","I don't find MAC to be very prominent or present in the province.  I've lived/worked in both major cities and find them to be very hidden from view. This is too conservative/traditional/colonial. We need MAC to be leading the way, out there and celebrating the arts.",Missing,Organization,R7A,158,Westman,Outside Wpg
118980557341,2025-10-21,completed,Yes,Yes,Community-based Organization,NA,Missing,"We utilize all of these media and community events, workshops, and circles",R3G2A0,Encourage and enhance the arts in Manitoba. Support Artists. Support groups that are involved in the arts,Very confident,Excellent,Excellent,Fair,Don't know,Excellent,Good,Good,Excellent,"Well, honestly, I think the government should support MAC with increased funding",Connected,NA,2,1,9,7,4,5,6,3,8,Arts and culture is as well attended and supported as sports in Manitoba. Seen as equally relevant. ,"As a community based organization, none of us are actual artists, but we encourage Arts, especially in children and youth, as we have seen how the Arts can keep children out of gangs, encourage their self expression, and help them participate in post, secondary education",Funded,Organization,R3G,159,Capital Region,Winnipeg Area
118980516940,2025-10-21,completed,No,No,Individual Artist,NA,Music,NA,R3M2N4,Support for artists in all disciplines by providing financial assistance and critique toward preservation and innovation of all art forms.,Confident,Good,Good,Fair,Don't know,Missing,Good,Good,Don't know,Simplifying the application process.,Missing,I don't know. ,1,2,3,4,5,6,7,8,9,Separate the arts from culture.,Not really.,"Did not apply, not funded",Individual,R3M,160,Capital Region,Winnipeg Area
118980168132,2025-10-21,partial,Yes,Yes,Community-based Organization,NA,Media Arts,NA,R2M2C9,NA,Missing,Missing,Missing,Missing,Missing,Missing,Missing,Missing,Missing,NA,Missing,NA,Missing,Missing,Missing,Missing,Missing,Missing,Missing,Missing,Missing,NA,NA,Funded,Organization,R2M,161,Capital Region,Winnipeg Area
118980148065,2025-10-21,completed,Yes,Yes,Individual Artist,NA,Visual Arts,NA,R2H0Y2,Service d’information et appuie financier pour les artistes dans tous les domaines et pour les centres et organismes d’arts.,Confident,Fair,Fair,Fair,Fair,Fair,Fair,Poor,Don't know,Il y a eu de l’amélioration et je vous encourage de continuer surtout en ce qui concerne les ateliers.,Connected,NA,2,1,3,5,4,6,7,9,8,Une plus grande visibilité en presence dans les centres et les organismes. ,Continuez vos efforts. Merci pour vos services et votre appuie financier. ,Funded,Individual,R2H,162,Capital Region,Winnipeg Area
118980071561,2025-10-21,partial,No,Don't know,Arts/Cultural Organization,NA,Dance,NA,R3B,NA,Missing,Missing,Missing,Missing,Missing,Missing,Missing,Missing,Missing,NA,Missing,NA,Missing,Missing,Missing,Missing,Missing,Missing,Missing,Missing,Missing,NA,NA,Missing,Organization,R3B,163,Capital Region,Winnipeg Area
118979994718,2025-10-21,completed,Yes,No,Arts/Cultural Organization,NA,Media Arts,NA,R2H0G7,"Essentially, to help create an environment for the arts and culture to flourish for all Manitobans.",Confident,Excellent,Excellent,Excellent,Good,Excellent,Excellent,Don't know,Don't know,"Showcase more about the projects and organizations that MAC is supporting in the community and those that have travelled outside the province on social media and other campaigns. I like the individual artists profiles you have done and the annual reports is also good. Yes, social media can be a full-time job...",Connected,NA,1,2,5,6,7,8,9,3,4,"In 10 years time, MAC has helped to support the creation of new multi-use cultural spaces that can be used by various community cultural groups (venues for film screenings. music and pop up exhibitions are lacking). There are some the same grants but more grants that focus on collaboration, partnerships and creative innovation as themes.",Best of luck! Looking forward to hearing the new priorities.,Funded,Organization,R2H,164,Capital Region,Winnipeg Area
118979988559,2025-10-20,completed,Yes,Yes,Arts/Cultural Organization,NA,Music,NA,R3B,To manage the government's investment in the arts sector ,Very confident,Excellent,Excellent,Good,Good,Excellent,Excellent,Don't know,Don't know,NA,Very connected,NA,5,4,7,6,1,2,9,8,3,"Successfully lobbied and received more government funds to distribute to the sector. Sector innovation, and future forward grants are successful in helping the sector rethink and remake business models ","Investing in gathering, sharing, learning, researching, promoting are all good ideas.  ",Funded,Organization,R3B,165,Capital Region,Winnipeg Area
118979986957,2025-10-21,completed,Yes,Yes,Individual Artist,NA,Literary Arts,NA,R2M0A3,"Supporting, developing and recognizing artists and arts organizations in Manitoba.",Confident,Good,Good,Good,Fair,Good,Fair,Poor,Don't know,"Less complexity in grant applications, esp budget form.",Connected,NA,1,2,4,5,6,8,9,3,7,More of same. Artists and arts organizations at all levels of development can rely on regular support.,NA,Funded,Individual,R2M,166,Capital Region,Winnipeg Area
118979984369,2025-10-21,completed,No,Yes,Individual Artist,NA,Media Arts,NA,R3G1X9,Help support Manitoban artists in their creative endeavours,Not very confident,Good,Fair,Good,Fair,Fair,Fair,Poor,Don't know,The quantity of projects it funds,Very disconnected,"They claim to be against supporting artists working for free but then require so much unpaid labour in order to submit a successful application that it creates a class barrier where only artists who are already supported in some other way and thus in the least need of MAC’s funding are even able to receive it. Their panelists also seem so unaware of the workings of many fields that most of the application needs to be dedicated to explaining the nature of the process leaving little to no room for description of the actual artistic intent. In general there seems to be a lack of understanding that in order for artists to survive off their work and be in a position where the amounts on offer from MAC would actually be helpful, much if not most of their experience going in is going to have to be commercial in nature. ",3,4,2,6,5,9,1,7,8,Shifted focus to providing as many inexperienced artists as possible with funding and opportunities to create work and gain experience in order to gain access to opportunities outside the scope of what MAC can provide. ,Right now your media arts offerings are only supporting privileged hobbyists and professionals with their side projects. No artist who needs to work to live is being helped by your current setup,"Applied, not funded",Individual,R3G,167,Capital Region,Winnipeg Area
118979970731,2025-10-21,partial,Yes,Yes,Community-based Organization,NA,Music,NA,R3J2B8,NA,Missing,Missing,Missing,Missing,Missing,Missing,Missing,Missing,Missing,NA,Missing,NA,Missing,Missing,Missing,Missing,Missing,Missing,Missing,Missing,Missing,NA,NA,Funded,Organization,R3J,168,Capital Region,Winnipeg Area
118979959396,2025-10-21,completed,Yes,Yes,Arts/Cultural Organization,NA,Literary Arts,NA,R3B1H3,To support the cultural sector in Manitoba by providing funding to individual artists AND cultural organizations across a broad range of disciplines.,Very confident,Excellent,Excellent,Excellent,Good,Excellent,Good,Don't know,Don't know,I'm not sure... perhaps have more flexibility in supporting organizations who encounter unexpected financial challenges? There's a certain inability to act outside very specific time parameters.,Very connected,NA,1,2,4,3,5,7,6,8,9,"I believe MAC already has a significant impact on the arts & cultural community, & has for decades, so more of the same would be fine! I think we're on the verge of several really major challenges: rise of AI, increasing financial precarity due to political turmoil, & pressures related to climate change. None of these are specifically related to arts/culture, but arts/culture will be one of the fields most needed to address those emerging challenges.","I would like MAC to know how valuable they are, how deeply NEEDED by all of us who are doing our best to lead arts non-profits in an uncertain world.",Funded,Organization,R3B,169,Capital Region,Winnipeg Area
118979952229,2025-10-21,completed,Yes,Yes,Arts/Cultural Organization,NA,Theatre,NA,R3B1H3,To provide funding to artists and arts organizations in Manitoba in order to maintain an arts culture for all Manitobans to enjoy. ,Not at all confident,Good,Fair,Fair,Poor,Poor,Fair,Poor,Poor,Put the word “art” back in their strategic priorities. It doesn’t count that they’re called the “arts” council. They need to prioritize l art over identity. They need to prioritize merit over identity. The orchestras diversified through blind merit auditions. The arts council is the opposite. ,Disconnected,Their priorities do not involve art or merit so how could they possibly be in touch with diverse artists or diverse arts organizations. They are in touch with climate and identity activists. ,7,1,4,2,3,5,8,9,6,They have prioritized merit and therefore the impact of art in Manitoba communities. Impactful art will be consumed and appreciated. Consumed and appreciate art should not be condemned as commercial. Artists and organizations will be aimed at how their mandates and visions are making Manitoba a culturally vibrant place to live. Not serving political movements like identity and climate. ,I find the political capture of your organization offensive. I wish tax payers knew that you removed merit and art from your mandate focus on political agendas like identity and climate. ,Funded,Organization,R3B,170,Capital Region,Winnipeg Area
118979942737,2025-10-21,completed,Yes,Yes,Individual Artist,NA,Literary Arts,NA,R3L0M9,To facilitate the growth and exposure of Manitoba artists.,Very confident,Excellent,Excellent,Good,Good,Don't know,Excellent,Don't know,Don't know,"Sustainability grants would be something to think about--to sustain an artist for a year, so they could actually focus on being an artist instead of creating projects to apply for. Artists are artists all year long, and the grind of constantly finding work means that artistic work gets pushed to the sidelines.",Connected,NA,5,6,7,2,8,1,9,4,3,"Like most artists I am very concerned about AI and the slow fading away of human-created art. I would like to think that 10 years from now MAC would have barred AI from any part of the granting process, and has promoted and supported real life artists into creation. ","I have always been proud of the way the arts are received in Manitoba. MAC is part of that. Manitoba has a special feeling to it, artistically, and MAC feeds that. Thank you.",Funded,Individual,R3L,171,Capital Region,Winnipeg Area
118979937993,2025-10-21,partial,Yes,Yes,Individual Artist,NA,Visual Arts,NA,R3M0S1,Supporting Manitoba artists.,Not very confident,Good,Good,Good,Good,Good,Fair,Fair,Good,NA,Connected,NA,1,2,3,5,4,6,7,8,9,NA,NA,Funded,Individual,R3M,172,Capital Region,Winnipeg Area
118979914787,2025-10-20,completed,Yes,No,Arts/Cultural Organization,NA,Craft,NA,R1A2W7,Support different nonprofit organizations that offer cultural/art activities for the community in the province regarless of their status.,Very confident,Excellent,Excellent,Fair,Excellent,Excellent,Excellent,Excellent,Excellent,I believe MAC is supporting smaller cultural communities and this makes a wide difference by making resources accesible to anyone. ,Very connected,NA,9,1,2,3,4,5,6,7,8,Something different by connecting different organizations to work collaboratitely and pass experiences to others. ,Continuing support smaller communities and guide the process so they can succeed. ,Funded,Organization,R1A,173,Interlake,Outside Wpg
118979913391,2025-10-20,completed,No,No,Individual Artist,NA,Missing,Ceramics,R3N1,Supporting the Arts in MB; artists and organizations so that we can continue growing as a community ,Very confident,Excellent,Excellent,Excellent,Excellent,Excellent,Good,Good,Excellent,NA,Very connected,NA,4,2,6,5,8,3,1,7,9,Artists are teaching in communities and working in the industry  and not making a living wage.,Dispelling the myth of the starving artist. Artists are some of the hardest working people I know. Often holding down more than one job so they can keep up thier careers. ,"Did not apply, not funded",Individual,R3N,174,Capital Region,Winnipeg Area
118979912653,2025-10-20,partial,No,Yes,Individual Artist,NA,Media Arts,NA,R0L1P0,NA,Missing,Missing,Missing,Missing,Missing,Missing,Missing,Missing,Missing,NA,Missing,NA,Missing,Missing,Missing,Missing,Missing,Missing,Missing,Missing,Missing,NA,NA,"Applied, not funded",Individual,R0L,175,Parklands,Outside Wpg
118979912298,2025-10-20,completed,No,No,Individual Artist,NA,Literary Arts,NA,R7A3A9,Assisting promoting and creation of Manitoba's artists through funding,Confident,Good,Good,Good,Fair,Good,Good,Good,Don't know,To broaden the term culture beyond identity with regards to the assessment criteria for receiving grants.  Culture is an infrastructure -- the role of people and our social fabric deserve equal consideration. ,Connected,NA,3,8,5,6,7,4,9,1,2,Incorporate more opportunities for communities and community engagement particularly beyond Winnipeg  (especially 'in-person').  I believe this will become especially important as AI advances.,"With regards to any decisions, please consider how AI might creatives.  ","Did not apply, not funded",Individual,R7A,176,Westman,Outside Wpg
118979901332,2025-10-20,completed,Yes,No,Arts/Cultural Organization,NA,Music,NA,R0E1V0,Ils veulent nous aider a faire vivre notre langue et notre culture,Confident,Good,Good,Good,Don't know,Excellent,Good,Good,Don't know,Promouvoir des artistes et organiser des tournees au rural,Connected,NA,1,2,3,5,6,7,8,4,9,Continuer et augmenter a faire vivre notre vie culturel,NA,Funded,Organization,R0E,177,Interlake,Outside Wpg
118979899134,2025-10-20,completed,Yes,No,"Educational Institution (e.g., school, post-secondary)",NA,Missing,"Training and teaching in the classical arts in dance, music ",R2M2N1,"The sustainability of the present Arts organizations, primarily European, or mainstream, but slowly becoming more diverse in terms of nurturing indigenous and other recognized classical traditions.",Confident,Good,Fair,Fair,Don't know,Fair,Fair,Fair,Fair,"Staff and jurors to learn more about oral cultural practices and traditions, and not make judgment calls based on European norms operating as standard guidelines ",Connected,NA,1,6,8,7,4,5,3,9,2,MAC continues to be the flagship for classical arts from all over the world. The emphasis on excellence is tempered with less favouritism for European artists. A genuine appreciation of ethnocultural arts.,"Study the prediction in demographics in the Province, and understand that there does not necessarily have to have a swing in the pendulum. The Arts and Cultural sector and its economic benefits to the country need to be addressed and promoted, and protected at all costs.",Funded,Organization,R2M,178,Capital Region,Winnipeg Area
118979891175,2025-10-20,completed,Yes,Yes,Individual Artist,NA,Theatre,NA,R2K2P6,To provide financial support towards artistic projects across the province,Confident,Excellent,Good,Good,Fair,Fair,Poor,Poor,Don't know,"Have rolling intakes for professional development funding, provide stronger supports for emerging and early career artists",Connected,NA,2,6,5,4,3,7,9,1,8,NA,NA,Funded,Individual,R2K,179,Capital Region,Winnipeg Area
118979887511,2025-10-20,completed,Yes,No,Collective / Group of Artists,NA,Visual Arts,NA,R2M5H9,NA,Don’t know enough to answer,Excellent,Excellent,Good,Don't know,Excellent,Good,Good,Don't know,NA,Missing,NA,1,2,7,5,6,9,8,3,4,NA,NA,Funded,Organization,R2M,180,Capital Region,Winnipeg Area
118979886405,2025-10-20,partial,No,Don't know,Individual Artist,NA,Visual Arts,NA,R3C1Z5,To support arts and culture in Manitoba ,Don’t know enough to answer,Excellent,Excellent,Excellent,Don't know,Excellent,Good,Don't know,Don't know,Outreach?,Connected,NA,Missing,Missing,Missing,Missing,Missing,Missing,Missing,Missing,Missing,NA,NA,Missing,Individual,R3C,181,Capital Region,Winnipeg Area
118979885105,2025-10-20,completed,No,Yes,Individual Artist,NA,Visual Arts,NA,R2M5H9,NA,Don’t know enough to answer,Excellent,Good,Good,Don't know,Excellent,Good,Good,Don't know,NA,Missing,NA,1,2,8,4,7,5,6,3,9,NA,NA,"Applied, not funded",Individual,R2M,182,Capital Region,Winnipeg Area
118979875482,2025-10-20,completed,No,Yes,Missing,Arts professional,Missing,Performing and visual arts,R0K1G0,"Support, through funding and provision of programs and resources, to Manitoba arts councils, arts organizations, and arts presenters to build and maintain a thriving and vibrant arts ecosystem throughout urban and rural Manitoba.",Confident,Excellent,Good,Good,Fair,Excellent,Fair,Good,Good,"To be honest, the improvement is not in your power since  it is about adequate funding to support rural, northern, and urban arts and culture.  Perhaps advocacy on the creation of an accessible, community based provincial arts and culture plan with goal posts in key areas.",Connected,NA,3,1,7,5,8,6,2,9,4,"More funding support for key arts conferences in Manitoba that are accessible to all arts organizations and artists (such as MAN Showcase) to help deliver support and professional development throughout Manitoba

Basic operating grant for arts organizations to ensure an arts administrator position

Advocacy for a basic income for artists in Manitoba (see recent decision in Ireland!)
",I recognize the funding constraints faced by MAC which impact your ability to provide for Manitoba arts organizations in an equitable and wide ranging manner.  I also appreciate that you have tried to do so within those constraints!  ,"Applied, not funded",NA,R0K,183,Westman,Outside Wpg
118979874879,2025-10-20,partial,No,Yes,Missing,Book Publisher,Literary Arts,NA,R2M2L7,NA,Missing,Missing,Missing,Missing,Missing,Missing,Missing,Missing,Missing,NA,Missing,NA,Missing,Missing,Missing,Missing,Missing,Missing,Missing,Missing,Missing,NA,NA,"Applied, not funded",NA,R2M,184,Capital Region,Winnipeg Area
118979865502,2025-10-20,partial,No,No,Individual Artist,NA,Visual Arts,NA,R3P0N5,NA,Missing,Missing,Missing,Missing,Missing,Missing,Missing,Missing,Missing,NA,Missing,NA,Missing,Missing,Missing,Missing,Missing,Missing,Missing,Missing,Missing,NA,NA,"Did not apply, not funded",Individual,R3P,185,Capital Region,Winnipeg Area
118979862934,2025-10-20,partial,No,Yes,Individual Artist,NA,Music,NA,R2M0T5,NA,Missing,Missing,Missing,Missing,Missing,Missing,Missing,Missing,Missing,NA,Missing,NA,Missing,Missing,Missing,Missing,Missing,Missing,Missing,Missing,Missing,NA,NA,"Applied, not funded",Individual,R2M,186,Capital Region,Winnipeg Area
118979856556,2025-10-20,completed,No,Don't know,Missing,Performing arts centre,Missing,Performing arts and live music,R7B1L6,MAC's purpose is to act as a funding conduit to promote artistic development and accessibility to attend arts and culture events across all of Manitoba,Confident,Good,Good,Don't know,Don't know,Good,Don't know,Don't know,Don't know,"More connection and collaboration/mentorship amongst members, though the grant distribution seems spread out across the province, many people I speak to feel that MAC is a more Winnipeg focused organization.",Connected,NA,1,2,4,9,3,5,7,6,8,MAC has made their presence known across Manitoba by supporting important initiatives in all communities.  They have helped countless facilities advocate within their communities for increased support (both financial and non financial contributions) by providing the research and support to leverage the mentalities and hearts of others that the arts are a significant contributor to community and worth investing in. ,"Just because a building receives overhead operational support from their government to keep the lights on, they could still use support paying artist fees to expand the opportunities they are able to provide to the catchment area they serve which can be a quite significant portion of the province. ",Missing,NA,R7B,187,Westman,Outside Wpg
118979849989,2025-10-20,completed,Yes,Yes,Individual Artist,NA,Literary Arts,NA,R2K1B2,To support the development of Manitoban artists and art organizations by funding the creation and sharing of work. ,Very confident,Excellent,Excellent,Excellent,Fair,Excellent,Poor,Don't know,Don't know,Advocate for more funding. And shorten the grant turnaround times,Connected,NA,1,9,8,3,6,2,4,5,7,Advocated for more arts funding and basic guaranteed income for all. ,NA,Funded,Individual,R2K,188,Capital Region,Winnipeg Area
118979844528,2025-10-20,completed,Yes,No,Individual Artist,NA,Theatre,NA,R2H2L3,NA,Don’t know enough to answer,Excellent,Good,Good,Good,Don't know,Good,Don't know,Don't know,NA,Connected,NA,2,3,7,5,6,4,9,1,8,NA,NA,Funded,Individual,R2H,189,Capital Region,Winnipeg Area
118979840395,2025-10-20,completed,No,No,Individual Artist,NA,Visual Arts,NA,R3L0N4,Study grants ,Very confident,Excellent,Fair,Good,Fair,Excellent,Good,Good,Good,NA,Very connected,NA,2,1,3,5,7,8,6,4,9,NA,NA,"Did not apply, not funded",Individual,R3L,190,Capital Region,Winnipeg Area
118979840099,2025-10-20,partial,No,No,Individual Artist,NA,Theatre,NA,R2H1E5,To provide funding to artists and arts organizations ,Confident,Good,Fair,Fair,Fair,Good,Good,Don't know,Don't know,Go back to basing granting decisions on artistic merit first and foremost,Disconnected,NA,Missing,Missing,Missing,Missing,Missing,Missing,Missing,Missing,Missing,NA,NA,"Did not apply, not funded",Individual,R2H,191,Capital Region,Winnipeg Area
118979839864,2025-10-20,completed,Yes,Yes,Individual Artist,NA,Theatre,NA,R3G2R9,"That MAC will provide funding to help make work possible for professional Manitoban artists. To provide support, accessibility, and stability for those pursuing their arts professionally. ",Not very confident,Good,Good,Poor,Poor,Good,Poor,Poor,Good,"MAC's grant applications are extensive and extremely time consuming, repetitive, and the portal often does not feel user friendly. This is consistent if you are applying for $15000 or $1000. It makes it very difficult to apply for a small boost when hours are required to do so. In comparison a MAC grant often feels heavier than a Cnd Council grant application and the potential funds are drastically different. Again, one may be upwards of $60,000 and MAC is offering $1500 but demanding the same amount of time and. We are not paid for the hours we spend on grants and with no guarantee of securing those funds.",Disconnected,"I think MAC has championed some important initiatives including diversity and accessibility, however I also feel like that has come at the expense of progressive and growth opportunities. Funding is going to new artists for new works, but funding often doesn't allow for the revisiting of a project, so we are seeing projects launch and then disappear. They do not develop and grow. Funding often doesn't go to small professional organizations or indie organizations that would and have provided experience to those new artists MAC is championing, so these artists get an initial boost and there are no stepping stones after. 
Funding is so focused on new and local work that we are feeling very sheltered and unable to learn and grown from our colleagues across the country or internationally. 
I believe on paper MAC is making good choices however we are not seeing the opportunities or the work develop in a way that feels like it will be a progressive development of local, exceptional talent. It feels spread thin and abandoning excellence, which will decrease our audiences. If we are looking to develop new local talent then we need to examine how to ensure they are supported by having opportunities at a range of levels for a sustained period of time.",8,1,2,5,7,3,9,4,6,"Invested in a range of arts organizations in regards to the stages of our local artists. Initial presentations for practice, networking, exposure. More support for mid level Indie organizations who provide new local artists with professional practice and experience. Significantly more funding for professional development, including out of province or country training/residencies.","We are a very isolated community, we have minimal access to continued training, and while championing local is excellent and should be prioritized we also grow when exposed to new ideas, the bar is raised when we experience and work with new artists, and when we have the opportunity to go and come back and bring fresh ideas to our community, and also share our experiences elsewhere. I believe MACs travel/PD grant is $1000. This is not enough to have a significant impact on the growth and development of our artists. MAC has also stated things like Assisting or shadowing a director in a theatre production is no longer considered PD... however in MB we do not have access to training at any of our institutions for that kind of development. I believe MAC needs to hear from the community as well as our training institutions and reevaluate what they consider PD. ",Funded,Individual,R3G,192,Capital Region,Winnipeg Area
118979837246,2025-10-20,completed,No,No,Individual Artist,NA,Craft,NA,R3G1T8,they do programs??,Not at all confident,Poor,Poor,Poor,Poor,Poor,Poor,Poor,Poor,ask programs & agencies to provide a poster or your information in there buildings or connect a link on their websites to yours where community programs are held. ,Very disconnected,as an artist/crafter I was unaware of any individual funding. the programs offered around the community do not say where they received funding .,2,3,6,7,8,9,4,1,5,NA,NA,"Did not apply, not funded",Individual,R3G,193,Capital Region,Winnipeg Area
118979827206,2025-10-20,completed,Yes,Yes,Individual Artist,NA,Dance,NA,R3M1R4,Promote and support financially Arts/culture through Artists and Artistic Organizations in Manitoba.,Very confident,Excellent,Good,Good,Good,Excellent,Good,Good,Good,More clarity in grant writing process.,Very connected,NA,1,5,6,2,3,4,8,7,9,More of the same,N/A,Funded,Individual,R3M,194,Capital Region,Winnipeg Area
118979825849,2025-10-20,partial,No,Yes,Individual Artist,NA,Literary Arts,NA,R3R1Z9,Funding the Arts and Artists,Confident,Excellent,Good,Excellent,Fair,Good,Good,Good,Good,More funding,Very connected,NA,Missing,Missing,Missing,Missing,Missing,Missing,Missing,Missing,Missing,NA,NA,"Applied, not funded",Individual,R3R,195,Capital Region,Winnipeg Area
118979821646,2025-10-20,completed,No,Yes,Arts/Cultural Organization,NA,Music,NA,R3G2M1,To support and fund Arts organizations in Manitoba,Not very confident,Good,Good,Good,Poor,Good,Fair,Poor,Fair,The awarding process needs to be improved. ,Disconnected,Little consideration in funding priorities for organizations,3,2,5,4,6,8,9,7,1,I think there would be a priorization of arts organizations in the province and funding would be based on that criteria.   There would be more operational funding.,NA,"Applied, not funded",Organization,R3G,196,Capital Region,Winnipeg Area
118979820253,2025-10-20,completed,No,Yes,Arts/Cultural Organization,NA,Visual Arts,NA,R0E1A0,Support artists and art practice in Manitoba.,Confident,Excellent,Fair,Good,Fair,Excellent,Good,Poor,Don't know,"Provide feedback at the same time the approval/decline message is sent to the organization.  
",Connected,NA,1,2,6,9,5,8,7,4,3,"A larger percentage of the funding pot distributed to grassroots and smaller organizations.  These organizations introduce arts to the community and build the support for the arts.  The first time someone is introduced to visual arts or music is not in a large gallery or concert hall, it is in their community.   These organizations have either none or one staff and volunteers are responsible for all aspects of the organization.  The large arts groups get large grants while they also have large staff contingents, entire departments devoted to resource development and marketing, so it is easier for them to raise funds.  ","Expand your model.  There are many small arts organizations doing excellent work in our Province, but they might not fit into the current ""box"". ","Applied, not funded",Organization,R0E,197,Interlake,Outside Wpg
118979810741,2025-10-20,completed,No,Yes,Missing,Multicultural heritage village ,Missing,"We promote all cultural we host a huge Culturama with dance singing food. We hold craft , cultural workshops, cultural food workshop",R0C0A0,Funding the creation and sharing of arts & culture for the benefit of all Manitobans . ,Very confident,Excellent,Excellent,Excellent,Excellent,Excellent,Excellent,Excellent,Don't know,"Allow culture and Heritage organization recalled to apply. 
We fit every single criteria for applying but are disqualified .  We bring alot of arts and culture to our community but can’t apply for any assistance thru your organization ",Connected,NA,2,1,5,7,6,3,9,4,8,"I believe that what you are  doing is worthwhile and so necessary to help establish so many different programs so many new  installations, nurturing so many new arts and cultural ideas and start ups.   It’s so wonderful to see what’s being done in Winnipeg and the province of Manitoba. Thank you for thst. ","I would be like to see that organization meets or exceeds the criteria that they be allowed to applying if the organization is bringing arts and culture to their community, a small northern community that they be allowed to apply being a Multicultural Heritage Village I don’t feel they should be penalized for that, but not being allowed to apply","Applied, not funded",NA,R0C,198,Interlake,Outside Wpg
118979808320,2025-10-20,completed,No,No,Individual Artist,NA,Visual Arts,NA,R0C0A0,"To provide leadership, assistance & correspondence amongst Manitoba artists.
 ",Confident,Fair,Fair,Fair,Fair,Fair,Fair,Fair,Fair,"I feel that I need to know more about MAC, before I am able to respond in a favourable or otherwise way. ",Connected,NA,1,4,9,6,7,2,8,3,5,"I like to hear MORE about individual artists and their journey!  An intriguing story is an inspirational one!  I know MANY have commented on my story from a Forensic artist to a sculptor/cartoonist & author!  ART has also been VERY important for me on my PTSD therapy recovery.  MAC cab take a role in this area as talking and doing something about mental help is VERY topical!  I would be happy to share my experience (to HELP others like me).  Others= Police, Military, Fire paramedics, corrections, health profession etc.. ","See BOX 12 and call me at 204-641-8041 & I will expand.
","Did not apply, not funded",Individual,R0C,199,Interlake,Outside Wpg
118979803797,2025-10-20,completed,No,Yes,Individual Artist,NA,Media Arts,NA,R2W2N7,To manage public money that is allocated for artists. ,Confident,Good,Good,Excellent,Fair,Good,Poor,Fair,Don't know,"I hear it is more and more difficult to get grants. I have an excellent record with the granting bodies, but have not been able to get a grant for years. I don't know how you can do better but you aren't reaching me. ",Disconnected,"I believe MAC has had an influx of new clients. When competition is that great, it's impossible for many to make progress. ",Missing,Missing,Missing,Missing,Missing,Missing,Missing,Missing,Missing,Something different. More individual support. More opportunity. ,Don't forget the little guy. ,"Applied, not funded",Individual,R2W,200,Capital Region,Winnipeg Area
118979801710,2025-10-20,completed,Yes,Yes,Arts/Cultural Organization,NA,Media Arts,NA,R3B1H3,"To foster and expand arts in Manitoba, as well as the appreciation of the arts",Confident,Excellent,Good,Good,Good,Good,Good,Don't know,Don't know,"It’s really focused on institutional arts, which I presume it allocates the lion’s share of funding for historical reasons. A disproportionate “too big to fail” organizations (I’ve heard them refer to themselves like this in sector events) makes it very difficult for the sector to expand out of its historic problems. It MAC offered more support on smaller orgs with budgets <$750,000, the sector would likely become more expansive.  ",Connected,NA,4,6,1,2,3,7,9,5,8,"A place where everyone - aspiring and established artists, and audiences alike - can find community and access. ",Reconsider how it supports organizations with budgets <$750K in ways that are different from the self-described “too big to fail” entities. ,Funded,Organization,R3B,201,Capital Region,Winnipeg Area
118979793335,2025-10-20,completed,Yes,Yes,Individual Artist,NA,Craft,NA,R0E1L0,To support arts and artists in manitoba,Confident,Excellent,Excellent,Excellent,Excellent,Excellent,Good,Excellent,Don't know,"Indigenous people on the board, no tokens or self declared allowed

No self declarations for indigenous grants",Connected,NA,1,2,7,6,5,8,9,3,4,The board is not primarily comprised of moniyawak settlers,"Pretty good run, receptive to feedback generally",Funded,Individual,R0E,202,Interlake,Outside Wpg
118979793321,2025-10-20,partial,No,Yes,Missing,Arts professional,Missing,Visual and performing arts,R0K1G0,NA,Missing,Missing,Missing,Missing,Missing,Missing,Missing,Missing,Missing,NA,Missing,NA,Missing,Missing,Missing,Missing,Missing,Missing,Missing,Missing,Missing,NA,NA,"Applied, not funded",NA,R0K,203,Westman,Outside Wpg
118979792685,2025-10-20,completed,Yes,No,Arts/Cultural Organization,NA,Literary Arts,NA,R3G1C7,To support artists and arts organizations across the Province of Manitoba.,Very confident,Excellent,Excellent,Excellent,Excellent,Excellent,Excellent,Excellent,Excellent,NA,Very connected,NA,1,2,7,5,6,8,9,3,4,Raised the recognition of the value of the art and its manifestations within Manitoba's many communities. Raised the recognition of the arts as a economic driver and raised the level of financial support for the arts from both the public and private sector. ,NA,Funded,Organization,R3G,204,Capital Region,Winnipeg Area
118979788338,2025-10-20,completed,Yes,Yes,Individual Artist,NA,Media Arts,NA,R3X0J6,My understanding is that MAC's purpose is to fund the creation and sharing of art for the benefit of Manitobans.,Confident,Good,Good,Fair,Good,Fair,Fair,Fair,Fair,Continue to offer workshops to help artists improve their grant writing skills and understand how to write a MAC grant application that stands out.,Connected,NA,1,4,8,7,6,5,9,2,3,NA,NA,Funded,Individual,R3X,205,Capital Region,Winnipeg Area
118979783538,2025-10-20,completed,No,No,Individual Artist,NA,Inter-arts,NA,R0E1T0,To nurture all art forms in Manitoba,Don’t know enough to answer,Good,Good,Don't know,Good,Good,Good,Good,Don't know,Try to obtain more financial support so you can provide more support for artits and less competition for limited resources,Connected,NA,1,2,5,6,7,8,3,9,4, I fear that MAC's impact will be severely limited in the future as funds dry up,NA,"Did not apply, not funded",Individual,R0E,206,Eastman,Outside Wpg
118979783444,2025-10-20,completed,Yes,Yes,Arts/Cultural Organization,NA,Inter-arts,NA,R3B1H3,To distribute provincial funding to artists and arts organizations,Very confident,Excellent,Fair,Good,Good,Good,Fair,Fair,Don't know,increasing operate funding,Connected,NA,1,6,5,3,4,2,7,8,9,"More of the same! I dream that they have successfully helped galvanize the arts sector and advocated for steady increases to funding from the government, allowing for operational funding to increase as inflation does! ","I would like them to know that the new ""looking forward"" grant program feels slightly disconnected from what it seems like many orgs are focusing on - IE staffing and covering increasing overhead costs. The program seems great for the consultants hired through these projects, but benefit feels a bit far removed. ",Funded,Organization,R3B,207,Capital Region,Winnipeg Area
118979780516,2025-10-20,completed,Yes,No,Missing,"Home Routes hold a unique place on the cultural landscape. We are not traditional presenters, we build tours working with either community volunteers are partner organization to host low overhead , and intimate concerts for Artists from Manitoba , Canada and beyond to perform in Rural and urban communities in Manitoba and the rest of Canada. ",Music,NA,R3G1P2,"To fund Arts organizations and their endeavors in the province, and in a limited way, support artists ( musicians) ",Confident,Excellent,Excellent,Excellent,Excellent,Excellent,Excellent,Good,Don't know,"One of the most significant barriers we face is the requirement to report through CADAC. This system does not reflect the reality of how many community-based and touring organizations actually operate. Our model is unique but effective: we design, schedule, promote, and deliver concerts; we guarantee artists fair fees; we pay artists immediately at the venue through ticket revenue collected by local volunteers; and we reconcile our share only after the performances. This model ensures artists are paid quickly and fairly while keeping our administrative costs low and community impact high.

However, CADAC only allows us to report a fraction of our actual activity and revenue—only revenue that goes through our bank account, which is 20% of the income directly generated through our work. As a result, our organization appears artificially small and underperforming on paper, despite running 18 successful seasons of province-wide cultural service. This creates a distorted view that negatively affects assessment, funding levels, and credibility. We have explained this repeatedly, yet there has been no meaningful adjustment to accommodate organizations like ours.

The current system seems designed for large urban institutions with conventional box-office models—not flexible, grassroots cultural networks that prioritize access, affordability, and artist-centred economics. If the Arts Council truly values diversity in the cultural ecosystem, it must adopt funding and reporting systems that recognize different, equally valid models of success.

In addition, the ongoing burden of excessive reporting and justification is draining valuable time and resources. Legacy organizations with decades of proven impact should not be forced to repeatedly re-prove our worth. There should be a tiered trust system and streamlined reporting for organizations with sustained track records and demonstrated community value. Accountability is important, but it must be balanced with respect for organizational capacity and recognition of long-term contribution.

In short:
	•	Replace or significantly reform CADAC so it accurately captures diverse revenue and operational models.
	•	Introduce flexible reporting frameworks for organizations delivering community impact in non-traditional ways.
	•	Reduce administrative burden for long-standing, mission-driven organizations so we can focus on delivering cultural programming—not paperwork.

The Arts Council has an opportunity to become a true partner in building cultural infrastructure rather than a gatekeeper of outdated systems.
",Connected,NA,1,6,3,8,5,2,7,4,9,"In ten years, I hope to see the Arts Council…

A visible and vocal champion for the arts—one that actively advocates for significantly increased public investment in artists and cultural organizations. The arts should be impossible to overlook, even for those who aren’t already paying attention.

I envision an Arts Council that treats organizations of all sizes—with different mandates, histories, and community impacts—with equal respect. In the past, important cultural initiatives like the Folk Festival, the West End Cultural Centre and Home Routes struggled for recognition and support. It shouldn’t take years of persistence or political restructuring for innovative, community-driven ideas to be valued.

The Arts Council of the future will remove unnecessary barriers for new and emerging organizations. It will recognize that meaningful cultural work doesn’t always fit inside rigid eligibility criteria, competitive silos, or one-size-fits-all funding portals. Flexibility must be built into the system, because creative ecosystems thrive on experimentation and community entrepreneurship.

I would also like to see a shift in priorities—less bureaucracy and institutional overhead, and more funding reaching artists and organizations on the ground. Community arts groups are the cultural fabric of this province. Many of us operate with modest budgets, paying living wages where we can, and generating cultural and social impact far beyond our financial size. Yet we still struggle to grow sustainably. Every dollar should reflect the value and necessity of what we contribute.

In short: less red tape, more trust. Less gatekeeping, more partnership. Less performative administration, and more investment where it matters—in artists, creativity, and community. That’s the Arts Council we hope to work with in the next decade.
","We are genuinely grateful for the support we receive and for the work the Arts Council does for the cultural sector. We especially want to acknowledge Cathleen Enns, whose understanding of our work and consistent advocacy have made a real difference. She is thoughtful, responsive, and committed to helping us navigate challenges, and we deeply value her partnership.

Thank you for the opportunity to share our perspective—we care about this relationship and look forward to continuing to build something meaningful for artists and communities together.
",Funded,NA,R3G,208,Capital Region,Winnipeg Area
118979768040,2025-10-20,completed,Yes,Yes,Individual Artist,NA,Missing,Dance / Performance Art / Theatre,R0C1B0,To support Manitoban artists.,Not very confident,Excellent,Fair,Fair,Poor,Poor,Fair,Don't know,Poor,"More focus on individual artists, their concerns and their variety of needs.",Disconnected,"1. Professional development and travel opportunities often have timelines that do not align with MAC’s application deadlines, making it difficult for artists to access support when opportunities arise.

2. The funding amounts available for travel and professional development are significantly out of step with current travel and accommodation costs.

3. Complaints regarding funded organizations are not taken seriously. Officers handling such matters do not appear to conduct meaningful follow-up or inquiry.

4. I was once advised by a MAC officer to “get a sugar daddy” as a means of financial support. This was highly unprofessional and dismissive.

5. Despite being a practicing professional artist for over 20 years — and having successfully written and led numerous MAC-supported grants — I have never served on a jury. This lack of engagement suggests that I am not regarded as a peer in my own artistic community, which is discouraging given my contributions and experience.

6. Based on my experience working for organizations funded by arts councils, MAC appears to rely heavily on organizational self-reporting rather than conducting its own assessments. Many organizations tailor their reports to meet perceived council expectations rather than accurately reflecting outcomes. MAC should take a more active role in evaluating whether organizations’ activities genuinely align with their stated objectives and commitments.

7. Individual artists need more direct support opportunities. The majority of MAC’s funding and programming appears to prioritize organizations over individual practitioners.

8. Many organizations are financially unsustainable, relying heavily on grants (in one case, 94% of revenue) while allocating a disproportionate percentage (e.g., 40%) of their budgets to administration rather than artists. This raises questions about how MAC evaluates and justifies ongoing support for such organizations.
",4,9,5,6,8,1,7,2,3,I hope for a community filled with active individual artists who are not dependent on organizations to have opportunities or to justify/validate their practice.,NA,Funded,Individual,R0C,209,Interlake,Outside Wpg
118979767056,2025-10-20,completed,No,Yes,Teacher,NA,Music,NA,R7B1R7,To support and encourage arts initiatives across the province,Not very confident,Good,Good,Good,Good,Good,Good,Good,Missing,More presence and major grants for communities beyond Winnpeg.,Connected,NA,4,3,5,6,7,8,9,1,2,'Has created more links to the commercial arts environment. e.g. All USA country music artists gained renown through commercial outlets. They represent what people want to hear as well as skilled marketing. ,"Perhaps offer private music lessons, even piano, within schools. Brandon's fiddle program in disadvantaged area (New Era School) discontinued because of lack of funding. Fiddles in storage.","Applied, not funded",Individual,R7B,210,Westman,Outside Wpg
118979763287,2025-10-20,partial,Yes,Yes,Arts/Cultural Organization,NA,Music,NA,R3P2N2,To support artistic work that serves Manitobans.,Not very confident,Good,Fair,Good,Fair,Good,Good,Fair,Good,MAC should consider the legacy that long standing organizations have made to the community and continue to fund them while adjusting to the current demands of inclusion.,Connected,NA,2,1,5,6,7,8,9,3,4,NA,NA,Funded,Organization,R3P,211,Capital Region,Winnipeg Area
118979762435,2025-10-20,completed,Yes,Yes,Individual Artist,NA,Theatre,NA,R3T0A7,Provide opportunities for artists to bring their work to community.,Confident,Excellent,Good,Good,Poor,Fair,Poor,Good,Poor,"If there is a small error on a grant, let the jury see it anyway.  For example, I had one page if s commitment form ftom s previous year and it was deemed ineligible.  That was nit necessary.",Connected,NA,1,9,6,5,3,8,4,2,7,More monies going directly to artists instead of organizations.,"If an application is supposedly inegible, give the artist a chance to correct the problem.",Funded,Individual,R3T,212,Capital Region,Winnipeg Area
118979760953,2025-10-20,partial,Yes,Yes,Individual Artist,NA,Theatre,NA,R3T0A7,NA,Missing,Missing,Missing,Missing,Missing,Missing,Missing,Missing,Missing,NA,Missing,NA,Missing,Missing,Missing,Missing,Missing,Missing,Missing,Missing,Missing,NA,NA,Funded,Individual,R3T,213,Capital Region,Winnipeg Area
118979760209,2025-10-20,completed,No,No,Individual Artist,NA,Literary Arts,NA,R3G3C2,To provide funding and support for the arts and artists in Manitoba ,Confident,Good,Good,Don't know,Good,Excellent,Good,Don't know,Don't know,"To venture more cross culturally beyond the usual parameters of English, French, indigenous.",Connected,NA,8,7,3,4,2,6,9,1,5,They will have partnered more significantly with Folklorama and liased with other significant ethnocultural populations in Manitoba beyond the French English and indigenous,No,"Did not apply, not funded",Individual,R3G,214,Capital Region,Winnipeg Area
118979757892,2025-10-20,partial,No,No,Student of the Arts,NA,Literary Arts,NA,R3T1W4,NA,Missing,Missing,Missing,Missing,Missing,Missing,Missing,Missing,Missing,NA,Missing,NA,Missing,Missing,Missing,Missing,Missing,Missing,Missing,Missing,Missing,NA,NA,"Did not apply, not funded",Individual,R3T,215,Capital Region,Winnipeg Area
118979754715,2025-10-20,completed,Yes,No,Individual Artist,NA,Music,NA,R2N1H2,"I believe the Manitoba Arts Council's purpose is to promote and support the arts and culture by funding artists, arts organizations, and cultural professionals. With decisions based on artistic merit through a peer-assessment process Mac's helps Manitoba artist to develop their full creative potential in diverse arts manners such as music, dance and visual arts. ",Very confident,Excellent,Excellent,Excellent,Excellent,Excellent,Excellent,Excellent,Excellent,Helping to promote the funded artists. ,Very connected,NA,1,3,5,6,7,8,9,4,2,In 10 years from now I picture the impact of the art work MAC have funding to be recognized by the city of Winnipeg as crucial to the critical thinking raising bar. ,I'd like to be grateful for their wonderful support! ,Funded,Individual,R2N,216,Capital Region,Winnipeg Area
118979753073,2025-10-20,completed,Yes,Yes,Individual Artist,NA,Media Arts,NA,R3G,"To support arts creators, arts organizations, and their work with communities",Confident,Excellent,Excellent,Excellent,Fair,Good,Fair,Fair,Fair,I would like to receive a breakdown of the evaluation of my submitted proposals. It should be a requirement of the jury members that they submit such a breakdown so artists can receive feedback.,Very connected,NA,1,2,3,6,7,5,8,4,9,They have contributed to the creation of new artwork in the province reflecting the diversity of experiences here.,NA,Funded,Individual,R3G,217,Capital Region,Winnipeg Area
118979752619,2025-10-20,completed,Yes,No,Arts/Cultural Organization,NA,Missing,variety of artistic activities depending on availability of artists,R5H1C2,By providing funds to a local non-profitable organisation in a rural townwho are providing awareness to the arts and culture in Manitoba,Confident,Good,Good,Good,Fair,Excellent,Good,Don't know,Don't know,More funding to the rural communities - we are a cactus in the desert - easily acceptable grants to help with artistic activities in a rural setting with less criteria,Connected,NA,2,1,4,3,9,5,6,7,8,The smaller communities have a guaranteed grant for artistic opportunities without extensive details but need to be accountable for funds recieved,Broaden the criteria of some grants so that small amounts do not need so many details or criteria so smaller organisations try out different activities,Funded,Organization,R5H,218,Eastman,Outside Wpg
118979751379,2025-10-20,completed,No,Yes,Individual Artist,NA,Theatre,NA,R3R1W2,To support Manitoban artists and arts organizations.,Confident,Excellent,Excellent,Excellent,Excellent,Excellent,Good,Good,Don't know,More help with monetary or networking based opportunities for experienced artists with big ideas who are NOT currently connected to an organization.,Connected,NA,8,5,6,7,3,2,1,4,9,Supported artists through the development of large scale events and/or exhibits that receive nation-wide press and acclaim.,I am personally an individual not connected to an organization but would be thrilled to produce in Manitoba with Manitoban artists and the support of MAC would mean the difference between bringing these ideas home to Manitoba or shopping them out to companies in Ontario.,"Applied, not funded",Individual,R3R,219,Capital Region,Winnipeg Area
118979750592,2025-10-20,completed,Yes,No,Community-based Organization,NA,Visual Arts,NA,R0M0C0,To support artists and arts organizations in Manitoba.,Confident,Excellent,Excellent,Excellent,Good,Excellent,Excellent,Don't know,Excellent,Increased budget to disperse to artists and arts oranizations. We sincerely appreciate that the application for grants has moved to be more merit based rather than organizations being grandfathered in with newer organiaztons being excluded.   ,Connected,NA,1,2,6,7,4,9,8,5,3,"Continued to creating art accessible to all.  You cannot become a professional artist if you never have a chance to now what art is, begin creating, or be an amateur artist. ","Rural counts.  Mileage and distance costs are expensive and limiting.  While our population is small, art is just as important is rural areas.  population density may make Costs per person slightly higher but the impact on the lives of these poeple is very important.  The opportunity to for all ages to create art (recreationally or professionally) is very important to quality of life, economic development, and mental health. ",Funded,Organization,R0M,220,Westman,Outside Wpg
118979750312,2025-10-20,completed,No,Yes,Individual Artist,NA,Visual Arts,NA,R2J1V1,To distribute money to the artistic community of Manitoba ,Not very confident,Good,Fair,Good,Poor,Good,Good,Poor,Don't know,Make individual grant applications anonymous to avoid political merit being more important than artistic merit. ,Connected,NA,1,9,8,4,7,2,6,3,5,They have created an environment where artists are actually able to make a living through their art. ,"Less politics, less research and studies, more money in artists pockets. ","Applied, not funded",Individual,R2J,221,Capital Region,Winnipeg Area
118979749610,2025-10-20,completed,No,Yes,Arts/Cultural Organization,NA,Missing,Digital Interactive Arts,R3C0K8,Support arts and artists in the province by providing funds for activities.,Not very confident,Fair,Poor,Fair,Poor,Fair,Fair,Poor,Poor,"A future-proof thinking, understanding the Arts are changing significantly recently and embracing the newer forms of artistis expressions.",Disconnected,"Rarely we see MAC supporting innovative and experimental digital arts, which is becoming quite common across the globe. Other provinces are thriving with digital arts festivals, independent events, all supported by their local programs.",4,3,1,2,7,8,9,5,6,"I want to see local innovative, experimental artists having their work shown, equally with international known artists.","Understand the new ways of expressing creativity. 
Embracing new forms of art, such as interactive animation, AI.","Applied, not funded",Organization,R3C,222,Capital Region,Winnipeg Area
118979749271,2025-10-20,completed,Yes,Yes,Individual Artist,NA,Craft,NA,R2L2A3,To promote and provide opportunities for artists in Manitoba through funding and practical guidance.,Very confident,Excellent,Excellent,Excellent,Good,Excellent,Fair,Fair,Don't know,If the decisions can be made sooner than 3 months.,Connected,NA,1,3,8,6,7,5,2,4,9,Encourage and promote more multi-media/mediums art projects. Digital and traditional forms combined.,"More promotion of Manitoba artists. i.e. Artist profiles, etc.",Funded,Individual,R2L,223,Capital Region,Winnipeg Area
118979748403,2025-10-20,partial,Yes,Yes,Collective / Group of Artists,NA,Inter-arts,NA,R3B1W7,NA,Very confident,Excellent,Excellent,Good,Excellent,Good,Excellent,Excellent,Excellent,NA,Connected,NA,8,4,1,2,3,6,9,5,7,NA,NA,Funded,Organization,R3B,224,Capital Region,Winnipeg Area
118979747782,2025-10-20,completed,Yes,Yes,Arts/Cultural Organization,NA,Missing,Architecture,R3B0W5,Providing advice and funding support to arts and cultural individuals and groups,Confident,Excellent,Excellent,Excellent,Good,Good,Fair,Don't know,Don't know,More operational funding,Connected,NA,1,6,5,4,8,2,9,7,3,NA,NA,Funded,Organization,R3B,225,Capital Region,Winnipeg Area
118979745116,2025-10-20,completed,Yes,Yes,Arts/Cultural Organization,NA,Visual Arts,NA,R3C0W5,To fund the creation and delivery of arts and artistic/cultural programming throughout Manitoba.,Not very confident,Good,Good,Fair,Poor,Fair,Fair,Fair,Fair,"More general funding for broadening audiences; MAC funding has become far too niche, outstripping organizational abilities to deliver wide, general artistic and cultural programming. Instead, MAC appears to evaluate and fund based on identities and backgrounds; while it is important to widen artistic funding and programming delivery to diverse populations, it feels disingenuous to restrict access to funding to organizations that serve broad and general audiences. ",Disconnected,"MAC is has become very performative, rather than impactful. Arts and cultural organizations need funding and expertise to allow our sector to thrive, not small token gestures. ",1,7,4,3,2,8,9,6,5,"Something totally different. Manitoba used to have one of the leading arts and cultural sectors in Canada, a hot bed for new and exciting works, and a place that attracted creativity. That has greatly diminished. 

While I understand MAC is restricted by public sector funding, I feel that they are disconnected from the reality of the general public and organizations. More than ever, people need the arts, yet people do not see their interests or passions reflected in what is being funded. 

For example, year-round operating funding for small weekend-only festival and events would be better spent going directly to the artists creating the art exhibited at the festivals. Having paid year-round staff is extremely costly, and means a lot of artistic works could have been better funded or more artists being funded total. 

MAC has become too political, clearly prioritizing ideology ahead of artistic impact and ability. The average Manitoban does not seem them reflected in a lot of the programming or organizations you fund, leaving them disconnected from our incredible arts and cultural sector. 

Be impactful, not performative.",NA,Funded,Organization,R3C,226,Capital Region,Winnipeg Area
118979745076,2025-10-20,completed,No,Yes,Individual Artist,NA,Literary Arts,NA,R2H1V1,"Having a society which allows artist to exist and to grow, knowing that the market is small to make a living as a artist in Manitoba, especially if you are Francophone.",Confident,Good,Good,Good,Good,Good,Fair,Don't know,Don't know,make sure we do no forget anyone that deserve to be funded.,Connected,NA,1,8,3,2,5,7,9,6,4,"the embrace the bilinguism of the province, making sur underrepresented artist are able to grow as artist. Artist are known outside Manitoba. Manitoban are proud of their artist, know them, celebrate them.","it would be nice for them to explore other similar organization in other country and see what they can do better. We are missing literary Festival (the one we have seems to miss its target). Where is the poetry Festival embracing the city. We are also missing literary award, this is a shame. ","Applied, not funded",Individual,R2H,227,Capital Region,Winnipeg Area
118979743986,2025-10-20,completed,No,No,Individual Artist,NA,Literary Arts,NA,R3L1W7,Aide et soutien aux arts en général.,Confident,Good,Good,Good,Good,Good,Good,Good,Good,NA,Connected,NA,2,3,5,6,7,8,4,1,9,Une plus grande visibilité des artistes manitobains à l'échelle nationale.,NA,"Did not apply, not funded",Individual,R3L,228,Capital Region,Winnipeg Area
118979743838,2025-10-20,completed,Yes,Yes,Individual Artist,NA,Literary Arts,NA,R3L,"To promote and support the Manitoba arts sector, including arts organizations, knowledge keepers, and individual artists",Very confident,Excellent,Fair,Excellent,Poor,Excellent,Poor,Fair,Don't know,"More transparency around the decision making process, such as releasing scores to artists who are both awarded and  declined grants so that we may know which areas to improve upon in the future, including clear and specific feedback on why grants are declined. ",Connected,NA,2,3,9,8,4,7,5,1,6,"More free or low-cost networking and gathering opportunities for Manitoba artists, including those who are not visual artists - most of the opportunities for gathering seem to be around visual art. ","Funding needs to increase as costs of living increase. Artists are underpaying themselves in order to try to secure grant funding. Cost of living budget values are too low and artists fear asking for too much money will mean their grants are declined. Try to make MAC application questions as similar to Canada Council application questions are possible. Artists devote so much time to grant applications for no guaranteed results. It’s especially challenging to adapt applications from one organization to another for the same project. While writing a grant application is an important part of the artistic process to clarify and pitch one’s project, artists are spending way more time on grant applications than we should and less time on actually creating the art we want to create. ",Funded,Individual,R3L,229,Capital Region,Winnipeg Area
118979743407,2025-10-20,completed,Yes,Yes,Individual Artist,NA,Music,NA,R3G2H1,To provide funding to Manitoba artists and arts organizations.,Not very confident,Fair,Poor,Fair,Poor,Good,Good,Don't know,Don't know,"There seems to be a priority placed not upon art but upon ""culture"" and ""community"". It is very obvious from the application questions that MAC is no longer concerned with groundbreaking, high-quality art.. All of the ""under-represented"" communities you promote are actually already well-represented. It is obvious that MAC has a social/political mandate that is no longer about art. Which means, in stumbling all over yourselves trying to be equitable, you are becoming exclusionist. Did you know that most good artists do not have a strong sense of belonging anywhere? No matter what ""demographics"" they might belong to, truly visionary art is a relatively solitary pursuit. ",Very disconnected,"See previous. Last I checked it is Manitoba ARTS Council, not Manitoba Communities Council. Have you forgotten what ART itself GIVES to communities? Have you forgotten that ART should inspire, create, lead culture? Focusing so much on ""culture"" and ""community"" will kill art. ",4,9,8,5,6,3,1,7,2,They have given funding to artists and arts organizations to create art that they otherwise would not have had the resources to do so.,"The aspects of your strategic plan listed on the previous page, were barely about art/creation at all. It was mostly bureaucratic. Sounds like MAC is looking to spend money on themselves in boardrooms, not on the artists. Financial times are very difficult and will only get harder; money should be spent ON ARTISTS CREATING ART, not on ""researching and measuring the impact of art""!!!!",Funded,Individual,R3G,230,Capital Region,Winnipeg Area
118979741670,2025-10-20,completed,No,No,Individual Artist,NA,Literary Arts,NA,R3G2K3,"To support the arts sector in Manitoba, which includes professional individual artists, established and new arts organizations, and community arts organizations. ",Confident,Good,Excellent,Don't know,Good,Don't know,Good,Don't know,Good,NA,Connected,NA,1,2,5,3,4,7,9,6,8,"MAC has helped the public understand the importance of the arts, which in turn has put pressure on government to assist with more funding. ","Just because an arts organization is large, doesn't mean it doesn't need help. Our legacy orgs help to bring the spotlight to Manitoba's arts scene as much as we like to  sometimes think they don't because they are ""draining"" all the public funding. Allowing them to assist with growing the smaller organizations is one way to grow the entire sector. ","Did not apply, not funded",Individual,R3G,231,Capital Region,Winnipeg Area
118979741183,2025-10-20,completed,Yes,Yes,Arts/Cultural Organization,NA,Theatre,NA,R3G1R6,"To support arts in Manitoba, by way of funding artistic development, artistic explorations and projects, as well as organizations.",Confident,Excellent,Excellent,Good,Excellent,Excellent,Fair,Don't know,Don't know,"The maximum amount for Present Grants is $15,000.  This is not enough.  It forces producers to apply to WAC and CCA (as well as the private sector) to fund projects.  Most projects we have wanted to move forward with have budgets between $50,000 and $100,000.  Even if we got full funding from WAC, MAC and CCA, we still cannot put on an awesome show.  This leaves HUGE disparity between those with multi-year or operational funding and those of us that don't.",Connected,NA,5,8,4,6,2,1,9,7,3,"MAC has funded more projects significantly, OR, if this $15,000 limit is still in place, MAC has connected arts organizations with the private sector to fill the huge funding gaps. ","More organizations need operational funding.  There should be opportunities for more of us to properly sustain our organizations.    We 'work' in the arts, so it's humiliating that so many companies have to find volunteers to write grant applications and host fundraiser to pay for a website, a phone, a lawyer and an accountant.  Operational funding is imperative for any organization to survive and thrive.",Funded,Organization,R3G,232,Capital Region,Winnipeg Area
118979740884,2025-10-20,completed,Yes,Yes,Individual Artist,NA,Visual Arts,NA,R3G2J2,Fairly comprehensive,Very confident,Excellent,Good,Good,Fair,Excellent,Good,Good,Good,"If overall funding from the province is not increasing, then a redistribution model needs to be explored. The big 7 organizations that can and do generate revenue from ticket sales and donations should be capped at no more than $300k in operations.",Connected,NA,1,9,4,2,3,5,6,8,7,Guaranteed income for artists will have been in place for the past 5-7 years.,"Better advocacy is needed to connect private industry and wealth to supporting institutions big and small. Stronger and more direct encouragement from MAC to True North, Ubisoft, New Flyer, Richardson international etc. could maybe identify better partnerships and significant financial support for a struggling but powerful sector.",Funded,Individual,R3G,233,Capital Region,Winnipeg Area
118979739873,2025-10-20,completed,No,No,Individual Artist,NA,Literary Arts,NA,R3J2L5,"MAC's purpose is to promote, support, and develop the arts in Manitoba.",Confident,Good,Good,Good,Fair,Don't know,Good,Don't know,Don't know,Concentrate on merit and excellence; avoid ideological fads.,Connected,NA,2,4,6,7,5,9,8,1,3,"Here's a coupla' things: Sustained artistic livelihoods. MAC in 2035 offers multi-year support for individual artists and collaborates with credit unions, municipalities, and companies to provide affordable studios and workspaces. Artistic practice is recognized as a profession, not a pastime • Art as public good––through sustained advocacy and partnership, MAC has helped make the arts part of everyday civic life—woven into schools, health care, and community spaces. In Manitoba, art is seen as essential infrastructure • Digital and Archival Innovation – investment in digital storytelling and accessible archives ensures that all Manitobans—urban, rural, or remote—can engage with art.","In this economic and political climate, you're going to need a lot of luck.","Did not apply, not funded",Individual,R3J,234,Capital Region,Winnipeg Area
118979738062,2025-10-20,partial,Yes,Yes,Individual Artist,NA,Media Arts,NA,R3G1L4,NA,Missing,Missing,Missing,Missing,Missing,Missing,Missing,Missing,Missing,NA,Missing,NA,Missing,Missing,Missing,Missing,Missing,Missing,Missing,Missing,Missing,NA,NA,Funded,Individual,R3G,235,Capital Region,Winnipeg Area
118979737904,2025-10-20,completed,Yes,Yes,Arts/Cultural Organization,NA,Literary Arts,NA,R3B1H3,"To assess applications for arts funding, distribute the funds and ensure the proper use of these funds. ",Confident,Good,Good,Good,Fair,Good,Good,Poor,Don't know,"MAC seems overstressed both financially and staff-wise. We have little contact with individuals anymore. We have been refused grants ""with merit"" several times and don't know how we can make our case stronger and there is never an increase so employees can get a wage increase. ",Disconnected,"As stated before, there once was contact with granting officers and now there is none. There are no increases in funding for small orgs despite strong work. ",2,3,4,5,6,1,9,7,8,"They take more interest in the actual arts orgs they serve, what they do, and contribute funding toward the wellness of staff, such as increase for raises. Many large, wealthy orgs get a lot of money. Smaller but no less valuable orgs need consideration and recognition. ",NA,Funded,Organization,R3B,236,Capital Region,Winnipeg Area
118979736636,2025-10-20,completed,No,No,Missing,Retail Art Supply Store,Visual Arts,NA,R3H1G4,NA,Very confident,Good,Excellent,Don't know,Fair,Good,Good,Good,Don't know,To make it more accessible to the self taught artists instead of academic artists,Connected,NA,1,5,9,7,8,6,3,2,4,More funding for murals and public art making the province more beautiful and unique.,More help given to the indigenous community and non academic Proffessional artists  to write grants and be more successful in attaining them,"Did not apply, not funded",NA,R3H,237,Capital Region,Winnipeg Area
118979736394,2025-10-20,partial,No,No,Arts/Cultural Organization,NA,Visual Arts,NA,R3B,support Manitoba artists and access to the arts by Mb audiences,Confident,Good,Good,Don't know,Don't know,Don't know,Don't know,Don't know,Don't know,NA,Connected,NA,Missing,Missing,Missing,Missing,Missing,Missing,Missing,Missing,Missing,NA,NA,"Did not apply, not funded",Organization,R3B,238,Capital Region,Winnipeg Area
